#,Name,Team,ESPN,Y!,$,G,PA,AB,R,HR,RBI,SB,CS,H,1B,2B,3B,TB,SO,BB,HBP,AVG,OBP,SLG,OPS,Own%,RazzID
1,Shohei Ohtani,LAD,DH,DH,46.3,117,518,429,92,32,74,16,5,117,61,20,4,240,123,78,4,0.272,0.383,0.558,0.942,100,6602710
2,Aaron Judge,NYY,OF,OF,44.9,116,493,392,82,32,80,9,3,109,58,18,1,225,125,91,5,0.278,0.416,0.574,0.989,100,15640
3,Bobby Witt Jr.,KC,SS,SS,44.1,118,513,459,76,20,67,26,8,134,81,29,4,230,86,43,5,0.291,0.354,0.500,0.853,100,677951
4,Juan Soto,NYM,OF,OF,40.7,118,513,402,85,26,68,15,5,110,64,19,1,209,89,102,3,0.273,0.419,0.520,0.939,100,665742
5,Jose Ramirez,CLE,3B,3B,38.7,116,482,423,66,21,70,27,7,115,68,24,2,205,58,52,4,0.272,0.353,0.485,0.838,100,13510
6,Elly De La Cruz,CIN,SS,SS,38.4,118,490,431,66,20,70,30,9,114,67,23,4,206,125,52,3,0.264,0.344,0.478,0.822,100,682829
7,Junior Caminero,TB,3B,3B,37.2,118,505,457,75,31,79,5,2,122,70,21,1,237,97,40,3,0.268,0.328,0.518,0.845,100,691406
8,Gunnar Henderson,BAL,SS,SS,33.6,118,519,452,78,22,63,18,5,118,70,23,4,214,115,56,5,0.261,0.345,0.472,0.817,100,683002
9,Vladimir Guerrero Jr.,TOR,1B,1B,33.2,117,496,425,72,22,74,4,1,126,80,24,0,217,66,62,5,0.297,0.389,0.510,0.899,100,665489
10,Julio Rodriguez,SEA,OF,OF,31.5,116,496,446,66,21,68,16,5,120,76,22,2,208,108,39,7,0.269,0.333,0.467,0.800,100,677594
11,Fernando Tatis Jr.,SD,OF,OF,31.4,111,479,414,70,20,60,20,5,113,70,21,2,196,95,55,5,0.272,0.359,0.473,0.832,100,665487
12,James Wood,WSH,OF,OF,31.0,117,518,436,81,23,61,15,5,111,63,24,1,205,151,72,4,0.254,0.360,0.471,0.831,100,695578
13,Corbin Carroll,ARI,OF,OF,30.2,115,490,422,67,19,66,23,6,107,60,20,7,198,107,57,6,0.253,0.347,0.470,0.817,100,682998
14,Nick Kurtz,ATH,1B,1B,30.0,114,488,407,75,28,70,5,2,103,55,20,1,209,145,73,3,0.254,0.368,0.512,0.880,100,701762
15,Oneil Cruz,PIT,OF,OF,27.5,110,481,419,69,20,54,28,6,99,58,19,2,183,147,52,4,0.237,0.323,0.435,0.759,100,665833
16,Yordan Alvarez,HOU,DH,OF,27.1,100,423,355,71,24,63,3,1,108,62,22,1,202,66,58,6,0.305,0.407,0.569,0.976,100,670541
17,Bryce Harper,PHI,1B,1B,24.3,111,466,396,66,20,66,7,2,108,62,25,1,194,96,62,4,0.272,0.373,0.491,0.863,100,11579
18,Ketel Marte,ARI,2B,2B,24.2,114,496,430,76,20,60,4,1,118,73,24,1,204,84,55,5,0.274,0.359,0.474,0.833,100,13613
19,Trea Turner,PHI,SS,SS,23.6,112,495,450,68,13,51,19,3,124,85,23,3,191,90,35,4,0.274,0.329,0.426,0.755,100,16252
20,Kyle Tucker,LAD,OF,OF,23.6,110,451,381,61,20,63,13,3,100,60,19,1,181,71,63,3,0.263,0.368,0.474,0.842,100,663656
21,Kyle Schwarber,PHI,DH,OF,23.4,116,503,410,78,30,69,4,1,93,47,15,1,201,142,81,6,0.226,0.357,0.490,0.847,100,16478
22,Jackson Chourio,MIL,OF,OF,23.4,108,463,423,65,18,56,16,5,113,69,24,2,194,93,32,3,0.265,0.318,0.457,0.776,100,694192
23,CJ Abrams,WSH,SS,SS,23.2,114,470,420,57,16,63,21,6,108,68,22,3,182,88,35,10,0.256,0.324,0.434,0.758,100,682928
24,Maikel Garcia,KC,3B,2B/SS/ 3B/OF,23.1,116,511,457,70,11,49,21,6,125,86,26,3,189,76,46,2,0.275,0.340,0.415,0.755,100,672580
25,Zach Neto,LAA,SS,SS,22.5,111,482,426,68,19,53,22,7,102,60,23,1,183,123,39,11,0.239,0.316,0.430,0.746,100,687263
26,Pete Alonso,BAL,1B,1B,22.2,117,487,423,64,25,74,2,1,105,59,21,1,200,114,50,9,0.247,0.336,0.473,0.810,100,624413
27,Shea Langeliers,ATH,C,C,21.9,107,444,401,64,24,62,3,1,102,57,21,1,196,100,36,3,0.255,0.317,0.488,0.805,100,669127
28,Freddie Freeman,LAD,1B,1B,21.6,113,484,420,69,17,60,5,1,119,76,25,2,197,84,52,6,0.283,0.367,0.469,0.837,100,5361
29,Matt Olson,ATL,1B,1B,21.4,116,479,410,64,23,72,1,0,106,60,23,1,199,114,61,4,0.259,0.357,0.486,0.843,100,14344
30,Cal Raleigh,SEA,C,C,21.3,112,469,399,68,26,63,6,2,89,46,16,0,185,126,60,4,0.222,0.327,0.463,0.790,100,663728
31,Manny Machado,SD,3B,3B,21.0,118,489,438,60,20,70,7,2,114,73,21,0,194,97,44,3,0.260,0.329,0.444,0.772,100,11493
32,Brent Rooker,ATH,OF,OF,21.0,117,484,426,63,23,69,5,2,106,62,20,2,198,128,49,5,0.250,0.331,0.464,0.795,100,667670
33,Michael Harris II,ATL,OF,OF,20.7,111,419,392,53,17,60,12,3,110,70,19,3,186,78,20,3,0.281,0.317,0.476,0.792,100,671739
34,Ronald Acuna Jr.,ATL,OF,OF,20.5,92,409,343,65,16,46,17,5,94,61,17,2,160,83,58,4,0.275,0.382,0.468,0.850,100,660670
35,Brice Turang,MIL,2B,2B/SS,20.2,116,502,438,65,11,50,22,5,115,80,22,2,174,103,56,3,0.262,0.344,0.397,0.742,100,668930
36,Sal Stewart,CIN,1B,1B/3B,20.0,110,436,389,55,18,65,10,3,104,64,22,1,181,81,41,3,0.269,0.341,0.466,0.807,100,701398
37,Pete Crow-Armstrong,CHC,OF,OF,19.5,118,435,398,54,16,56,23,7,99,59,21,3,173,105,26,6,0.247,0.300,0.433,0.733,100,691718
38,George Springer,TOR,OF,OF,18.5,110,478,416,69,18,54,10,2,105,67,19,1,181,92,51,5,0.254,0.338,0.435,0.773,100,12856
39,Jazz Chisholm Jr.,NYY,2B/3B,2B/3B,18.3,112,436,383,52,19,56,23,7,90,56,15,1,162,113,44,4,0.234,0.317,0.423,0.739,100,665862
40,Byron Buxton,MIN,OF,OF,18.0,100,432,387,64,22,55,11,2,94,51,18,4,184,116,35,6,0.242,0.311,0.475,0.786,100,14161
41,Josh Naylor,SEA,1B,1B,17.6,112,451,404,55,17,62,12,4,105,68,19,1,175,72,40,4,0.259,0.328,0.432,0.760,100,647304
42,Vinnie Pasquantino,KC,1B,1B,17.6,116,490,435,63,20,68,1,0,111,67,22,2,198,78,46,4,0.256,0.331,0.455,0.786,100,686469
43,Nico Hoerner,CHC,2B,2B/SS,17.3,113,482,435,64,7,43,20,5,123,92,23,2,171,46,35,7,0.284,0.343,0.392,0.736,100,663538
44,Munetaka Murakami,CHW,1B/3B,1B/3B,17.3,114,432,366,59,26,64,6,2,84,46,11,1,174,131,58,4,0.229,0.336,0.474,0.810,100,808959
45,Jackson Merrill,SD,OF,OF,17.2,114,484,442,60,16,63,8,3,114,71,23,4,194,98,35,3,0.258,0.315,0.438,0.753,100,701538
46,Cody Bellinger,NYY,OF,OF,16.8,112,445,398,55,17,63,8,2,104,66,18,3,179,68,41,3,0.261,0.332,0.450,0.781,100,15998
47,Ben Rice,NYY,C/1B,C/1B,16.8,101,410,353,61,22,57,4,1,88,48,17,1,172,90,48,5,0.248,0.343,0.487,0.830,100,700250
48,Yandy Diaz,TB,1B,1B,16.4,114,469,411,61,15,61,2,1,117,80,21,1,184,71,49,5,0.284,0.364,0.447,0.811,100,650490
49,Jo Adell,LAA,OF,OF,16.0,114,453,412,56,23,65,6,2,98,57,17,1,186,117,30,7,0.237,0.298,0.452,0.750,100,666176
50,Andy Pages,LAD,OF,OF,16.0,114,434,396,54,18,60,9,3,103,63,21,1,180,92,28,6,0.261,0.314,0.454,0.768,100,681624
51,Geraldo Perdomo,ARI,SS,SS,15.9,114,476,403,65,10,46,18,5,108,75,20,4,163,62,63,5,0.268,0.369,0.405,0.774,100,672695
52,Bo Bichette,NYM,SS/3B,SS/3B,15.5,110,483,441,66,13,51,4,1,124,86,24,1,190,80,33,3,0.282,0.333,0.431,0.763,100,666182
53,Riley Greene,DET,OF,OF,15.5,115,469,414,58,18,65,3,1,107,66,22,1,187,127,48,3,0.259,0.337,0.451,0.788,100,682985
54,Brandon Nimmo,TEX,OF,OF,15.3,113,483,421,69,16,51,7,2,109,71,20,2,180,104,50,7,0.258,0.342,0.428,0.770,100,12927
55,William Contreras,MIL,C,C,15.3,109,457,394,61,14,55,4,1,107,70,22,1,173,80,57,3,0.272,0.365,0.439,0.803,100,661388
56,Wyatt Langford,TEX,OF,OF,15.2,103,443,382,60,15,51,15,4,96,59,19,3,166,99,53,4,0.251,0.344,0.435,0.778,100,694671
57,Corey Seager,TEX,SS,SS,14.8,101,418,362,58,19,59,2,1,96,58,19,0,173,81,49,4,0.266,0.356,0.479,0.836,100,13624
58,Jacob Wilson,ATH,SS,SS,14.8,113,476,440,61,10,53,4,1,131,94,27,1,189,42,27,5,0.298,0.341,0.430,0.771,100,805779
59,Drake Baldwin,ATL,C,C,14.7,106,436,385,61,17,53,1,0,104,69,17,1,174,77,42,4,0.270,0.344,0.452,0.796,100,686948
60,Alec Burleson,STL,1B/OF,1B/OF,14.6,108,431,388,54,16,59,4,1,106,71,19,1,174,61,36,3,0.274,0.338,0.448,0.786,100,676475
61,Kevin McGonigle,DET,SS/3B,SS/3B,14.0,114,485,420,68,11,49,9,3,113,74,26,3,178,67,55,4,0.270,0.356,0.425,0.781,100,805808
62,Tyler Soderstrom,ATH,1B/OF,1B/OF,13.7,112,433,384,55,19,60,4,2,98,57,21,1,176,96,41,4,0.254,0.329,0.459,0.788,100,691016
63,Steven Kwan,CLE,OF,OF,13.5,115,508,447,69,8,44,13,3,121,90,22,1,170,50,52,4,0.271,0.347,0.381,0.728,98,680757
64,Hunter Goodman,COL,C,C,13.5,100,394,361,51,20,61,3,1,90,49,19,2,173,110,26,4,0.249,0.303,0.478,0.782,100,696100
65,Mookie Betts,LAD,SS,SS,13.4,101,419,364,56,15,57,5,2,99,62,20,2,168,49,48,3,0.272,0.357,0.463,0.820,100,13611
66,Jose Altuve,HOU,2B/OF,2B/OF,13.4,111,451,401,54,14,56,9,3,106,71,20,1,169,77,42,4,0.263,0.334,0.422,0.756,100,5417
67,Jarren Duran,BOS,OF,OF,13.3,113,467,418,62,12,47,17,4,105,63,25,5,175,110,39,6,0.251,0.319,0.420,0.739,100,680776
68,Otto Lopez,MIA,2B/SS,2B/SS,12.8,112,460,419,55,9,52,13,4,115,82,22,2,169,73,33,4,0.274,0.330,0.402,0.732,100,672640
69,Mike Trout,LAA,OF,OF,12.5,100,429,352,63,21,53,5,1,84,48,14,1,162,124,66,6,0.237,0.362,0.459,0.821,100,10155
70,Teoscar Hernandez,LAD,OF,OF,12.3,109,435,395,53,19,61,4,1,100,61,19,1,177,114,33,4,0.253,0.314,0.448,0.762,100,13066
71,Taylor Ward,BAL,OF,OF,12.2,113,487,420,68,17,54,4,1,103,63,21,1,178,111,58,4,0.244,0.337,0.424,0.761,100,621493
72,Jeremy Pena,HOU,SS,SS,12.1,102,444,404,60,12,45,11,3,109,74,21,1,169,76,27,8,0.269,0.324,0.418,0.742,100,665161
73,Ivan Herrera,STL,C,C,12.1,104,435,368,61,13,47,5,2,98,66,18,1,157,82,54,9,0.267,0.370,0.428,0.798,100,671056
74,Rafael Devers,SF,1B,1B,11.6,117,484,414,61,19,62,1,1,99,59,20,1,179,123,61,4,0.240,0.341,0.433,0.774,99,646240
75,JJ Wetherholt,STL,2B/SS,2B/SS,11.4,109,453,391,64,14,46,10,3,100,66,19,1,162,81,47,9,0.254,0.344,0.414,0.758,100,802139
76,Ozzie Albies,ATL,2B,2B,11.3,109,442,398,53,14,57,7,2,105,69,21,1,170,63,36,4,0.264,0.328,0.426,0.754,100,16556
77,Alex Bregman,CHC,3B,3B,11.3,112,477,413,61,16,59,2,1,106,69,20,2,175,68,54,5,0.256,0.346,0.425,0.771,100,17678
78,Konnor Griffin,PIT,SS,SS,11.1,114,437,392,51,9,45,21,6,102,72,18,3,153,107,32,7,0.259,0.323,0.390,0.713,100,804606
79,Eugenio Suarez,CIN,3B,3B,10.9,107,433,383,54,23,63,2,1,88,49,16,0,173,127,39,7,0.231,0.310,0.453,0.762,100,12552
80,Seiya Suzuki,CHC,OF,OF,10.8,112,443,386,55,17,58,4,2,97,59,19,2,171,112,50,3,0.252,0.339,0.442,0.782,100,673548
81,Luis Arraez,SF,1B/2B,1B/2B,10.7,113,465,431,54,4,49,8,3,131,102,22,3,172,21,25,3,0.304,0.344,0.400,0.743,100,650333
82,Roman Anthony,BOS,OF,OF,10.6,113,483,408,63,12,53,7,2,104,67,23,3,169,122,66,4,0.256,0.361,0.413,0.774,100,701350
83,Randy Arozarena,SEA,OF,OF,10.3,114,457,391,53,14,54,16,6,91,56,20,1,155,119,49,13,0.233,0.335,0.397,0.732,100,668227
84,Salvador Perez,KC,C/1B,C/1B,10.3,105,414,383,49,18,61,0,0,96,60,18,0,168,83,21,7,0.251,0.299,0.438,0.738,100,7304
85,Jakob Marsee,MIA,OF,OF,10.3,112,468,400,60,9,39,29,7,89,60,17,3,141,108,56,6,0.223,0.325,0.351,0.675,98,805300
86,Mickey Moniak,COL,OF,OF,10.0,99,382,354,52,17,52,6,2,92,55,17,3,165,95,21,3,0.259,0.303,0.467,0.771,100,666160
87,Xavier Edwards,MIA,2B/SS,2B/SS,9.9,109,435,386,49,4,45,17,5,112,87,18,3,148,58,42,3,0.290,0.361,0.384,0.745,100,669364
88,Willson Contreras,BOS,1B,1B,9.8,104,434,373,60,18,53,3,1,93,55,19,1,166,113,44,12,0.248,0.344,0.444,0.787,100,11609
89,Austin Riley,ATL,3B,3B,9.3,109,437,393,53,17,58,3,1,99,61,20,1,172,114,36,4,0.251,0.319,0.438,0.757,100,663586
90,Chandler Simpson,TB,OF,OF,9.2,95,375,347,44,1,29,33,8,98,80,12,4,122,42,22,2,0.281,0.323,0.350,0.674,100,802415
91,Ceddanne Rafaela,BOS,2B/OF,2B/OF,9.1,114,427,395,49,11,50,14,5,100,64,21,3,162,90,21,6,0.253,0.298,0.409,0.707,100,678882
92,Jordan Walker,STL,OF,OF,8.9,106,418,377,49,15,56,9,3,93,59,18,1,159,112,34,4,0.247,0.314,0.421,0.735,100,691023
93,Chase DeLauter,CLE,OF,OF,8.4,104,411,361,57,14,51,2,1,98,61,20,2,165,64,43,3,0.271,0.349,0.458,0.807,100,800050
94,Christian Walker,HOU,1B,1B,8.3,105,419,371,52,19,61,2,1,88,52,17,1,164,102,39,6,0.238,0.318,0.443,0.761,100,13419
95,Carlos Correa,HOU,SS/3B,SS/3B,8.3,106,452,399,63,13,48,1,0,107,71,22,1,170,86,46,3,0.268,0.344,0.426,0.770,100,14162
96,Ian Happ,CHC,OF,OF,8.3,113,459,388,57,15,58,5,2,93,56,21,1,163,111,64,4,0.241,0.350,0.419,0.770,100,664023
97,Francisco Lindor,NYM,SS,SS,8.2,89,371,326,49,14,47,12,3,83,53,16,2,143,68,35,6,0.256,0.335,0.438,0.774,100,12916
98,Adolis Garcia,PHI,OF,OF,8.1,110,437,396,50,17,59,7,2,93,56,19,1,165,113,33,5,0.234,0.298,0.417,0.715,98,666969
99,Xander Bogaerts,SD,SS,SS,7.5,108,423,378,48,11,49,11,3,101,72,19,1,153,72,38,3,0.268,0.335,0.403,0.739,100,12161
100,Josh Jung,TEX,3B,3B,7.4,106,418,385,50,15,54,4,1,100,64,21,1,166,98,26,3,0.260,0.309,0.432,0.741,100,673962
101,Adley Rutschman,BAL,C,C,7.3,104,420,365,54,14,52,1,0,94,61,19,1,156,64,50,2,0.257,0.346,0.427,0.774,100,668939
102,Colson Montgomery,CHW,SS,SS/3B,7.3,114,448,396,53,21,62,3,1,87,50,15,1,167,130,40,8,0.219,0.301,0.421,0.723,100,695657
103,Brandon Lowe,PIT,2B,2B,7.1,104,423,374,57,18,51,3,1,90,54,17,1,164,105,40,4,0.240,0.316,0.437,0.753,100,664040
104,Bryan Reynolds,PIT,OF,OF,7.0,112,459,402,56,14,55,3,1,101,65,19,3,166,113,47,6,0.250,0.335,0.413,0.748,100,668804
105,Trevor Story,BOS,SS,SS,6.8,111,446,410,47,13,53,13,3,98,63,21,0,160,122,27,4,0.238,0.289,0.388,0.678,100,12564
106,Gleyber Torres,DET,2B,2B,6.7,116,499,428,65,12,48,3,1,109,77,20,1,166,84,62,4,0.254,0.349,0.387,0.736,82,16997
107,Luis Robert Jr.,NYM,OF,OF,6.6,93,381,343,44,14,47,18,6,80,51,15,1,137,103,32,4,0.234,0.303,0.400,0.703,97,673357
108,Christian Yelich,MIL,DH,OF,6.5,101,413,357,50,13,51,12,3,92,62,16,1,149,98,49,3,0.258,0.350,0.416,0.766,100,11477
109,Luis Garcia Jr.,WSH,1B/2B,1B/2B,6.3,99,389,362,49,11,45,10,4,97,65,19,2,153,61,22,2,0.268,0.309,0.422,0.731,75,671277
110,Willy Adames,SF,SS,SS,6.2,117,472,412,57,16,52,8,3,93,56,20,1,163,119,52,3,0.227,0.315,0.396,0.711,99,642715
111,Luke Keaschall,MIN,2B,2B,5.9,110,425,375,47,7,43,18,5,97,68,21,1,141,71,40,7,0.258,0.338,0.377,0.715,100,807712
112,Matt McLain,CIN,2B,2B,5.8,112,457,398,57,13,45,14,4,92,59,19,1,150,123,48,6,0.231,0.319,0.377,0.696,100,680574
113,Jac Caglianone,KC,OF,1B/OF,5.8,106,391,352,48,16,52,3,1,90,56,16,2,159,91,31,5,0.256,0.323,0.452,0.775,100,695506
114,Kazuma Okamoto,TOR,3B,3B,5.7,108,388,347,50,18,53,1,0,86,51,16,1,157,77,34,4,0.248,0.320,0.453,0.773,100,672960
115,Wilyer Abreu,BOS,OF,OF,5.7,99,382,334,47,15,52,5,2,84,51,18,1,149,89,43,2,0.253,0.339,0.445,0.784,100,677800
116,Will Smith,LAD,C,C,5.6,98,390,334,50,14,50,2,1,85,55,16,1,144,73,47,6,0.254,0.352,0.431,0.783,100,669257
117,Lawrence Butler,ATH,OF,OF,5.4,109,378,336,48,14,45,13,4,80,49,16,1,140,97,36,2,0.239,0.311,0.417,0.728,98,671732
118,Matt Chapman,SF,3B,3B,5.3,111,462,398,57,15,52,6,2,93,57,20,2,160,112,55,5,0.234,0.330,0.403,0.733,100,16505
119,Brenton Doyle,COL,OF,OF,5.2,104,397,362,48,12,42,17,4,87,58,16,1,141,109,28,2,0.240,0.296,0.389,0.685,79,686668
120,Ramon Laureano,SD,OF,OF,5.1,102,426,382,57,15,45,8,2,90,56,18,3,157,118,33,6,0.236,0.304,0.411,0.714,100,657656
121,Heliot Ramos,SF,OF,OF,4.7,109,423,380,53,14,48,4,1,97,64,18,1,158,104,33,6,0.254,0.320,0.416,0.736,99,671218
122,Miguel Vargas,CHW,1B/3B,1B/3B,4.7,107,431,369,54,14,50,7,2,87,52,19,2,152,82,52,5,0.236,0.335,0.411,0.746,100,678246
123,Kyle Stowers,MIA,OF,OF,4.6,109,444,390,57,16,51,4,1,92,55,19,2,162,125,44,5,0.236,0.318,0.415,0.733,100,669065
124,Jackson Holliday,BAL,2B,2B/SS,4.6,106,429,376,57,11,42,12,4,92,62,17,2,145,93,45,4,0.245,0.327,0.387,0.714,69,702616
125,Bryson Stott,PHI,2B,2B/SS,4.4,109,401,358,44,9,43,17,4,91,64,16,3,138,66,37,3,0.254,0.324,0.386,0.711,98,681082
126,Michael Busch,CHC,1B,1B,4.4,109,420,364,54,16,51,2,1,88,51,18,2,159,102,47,6,0.241,0.333,0.437,0.770,100,683737
127,Royce Lewis,MIN,3B,3B,4.1,105,372,335,47,15,48,8,2,81,49,16,0,143,84,31,2,0.241,0.307,0.428,0.735,88,668904
128,Brandon Marsh,PHI,OF,OF,4.0,107,408,361,47,11,48,8,2,93,61,20,1,148,111,40,2,0.257,0.333,0.410,0.743,99,669016
129,Jake Burger,TEX,1B,1B,3.9,103,393,362,46,18,55,1,0,87,52,16,1,159,100,23,5,0.241,0.293,0.438,0.731,98,669394
130,Masyn Winn,STL,SS,SS,3.9,116,452,408,49,10,48,9,3,104,71,21,2,158,81,35,5,0.255,0.318,0.387,0.705,78,691026
131,Ryan O’Hearn,PIT,1B/OF,1B/OF,3.6,103,389,343,46,11,50,2,1,93,64,17,1,145,72,38,4,0.270,0.348,0.424,0.772,100,656811
132,Yainer Diaz,HOU,C,C,3.3,101,367,345,42,13,47,2,1,92,61,17,1,150,61,17,2,0.267,0.302,0.435,0.737,100,673237
133,Jonathan Aranda,TB,1B,1B,3.2,105,420,363,52,14,51,1,0,91,59,18,1,151,111,48,6,0.250,0.344,0.416,0.760,100,666018
134,Lourdes Gurriel Jr.,ARI,OF,OF,3.2,106,400,367,45,12,49,5,2,96,65,19,1,153,65,25,4,0.263,0.314,0.416,0.729,86,666971
135,Dansby Swanson,CHC,SS,SS,3.0,114,413,365,49,13,47,9,2,87,57,15,2,144,101,40,3,0.238,0.314,0.395,0.709,100,18314
136,Ernie Clement,TOR,2B/SS/ 3B,1B/2B/ SS/3B,2.8,108,425,398,50,8,44,6,2,109,77,23,2,159,40,20,3,0.275,0.311,0.398,0.709,94,676391
137,Sal Frelick,MIL,OF,OF,2.5,112,408,363,47,7,42,11,3,97,71,17,2,140,56,37,4,0.268,0.339,0.385,0.724,94,686217
138,Brendan Donovan,SEA,2B/3B,2B/3B/ OF,1.8,97,408,356,56,9,39,5,2,95,67,19,1,142,59,40,8,0.268,0.350,0.397,0.747,98,680977
139,Trent Grisham,NYY,OF,OF,1.7,104,412,346,58,17,45,5,1,75,44,13,2,142,98,57,4,0.217,0.329,0.409,0.738,96,663757
140,Spencer Torkelson,DET,1B,1B,1.7,113,423,364,51,17,53,2,1,82,46,18,1,153,113,51,5,0.225,0.324,0.419,0.743,100,679529
141,Colt Keith,DET,2B/3B,1B/2B/ 3B,1.7,103,400,357,48,11,48,3,1,94,64,19,1,147,80,37,2,0.264,0.334,0.412,0.746,78,690993
142,Jorge Soler,LAA,OF,OF,1.0,102,401,349,48,18,55,1,0,78,45,16,0,147,112,44,5,0.224,0.317,0.422,0.739,100,14221
143,Ryan Jeffers,MIN,C,C,1.0,97,373,324,45,13,47,2,1,80,50,16,1,136,77,39,7,0.247,0.337,0.419,0.756,99,680777
144,Nolan Schanuel,LAA,1B,1B,1.0,102,389,335,47,10,45,4,1,89,63,16,1,137,54,45,6,0.267,0.360,0.409,0.769,44,694384
145,Daylen Lile,WSH,OF,OF,1.0,104,387,352,43,8,44,9,4,93,62,18,5,144,69,28,4,0.264,0.322,0.411,0.732,100,695734
146,Jung Hoo Lee,SF,OF,OF,1.0,110,424,382,50,7,43,6,2,103,71,21,4,153,50,34,4,0.270,0.332,0.401,0.733,80,808982
147,Ezequiel Tovar,COL,SS,SS,0.7,108,387,359,45,11,45,6,2,92,58,21,2,149,95,21,3,0.255,0.298,0.414,0.712,88,678662
148,Jose Caballero,NYY,2B/SS/ 3B/OF,2B/SS/ 3B/OF,0.0,94,300,262,34,6,29,30,8,59,41,13,1,90,75,29,6,0.226,0.312,0.342,0.654,100,676609
149,Caleb Durbin,BOS,3B,2B/3B,0.0,105,355,314,44,7,38,14,4,81,54,19,1,122,41,27,9,0.257,0.332,0.387,0.719,66,702332
150,Mark Vientos,NYM,1B/3B,1B/3B,-0.1,98,360,325,43,16,50,1,0,79,48,15,1,143,92,28,3,0.243,0.306,0.439,0.745,61,668901
151,Jordan Westburg,BAL,3B,2B/3B,-0.3,81,330,300,44,13,42,3,1,78,48,16,1,136,72,22,4,0.261,0.317,0.453,0.770,5,676059
152,Daulton Varsho,TOR,OF,OF,-0.7,102,389,349,46,15,49,5,2,78,45,16,2,144,93,33,4,0.225,0.295,0.412,0.707,100,662139
153,Kerry Carpenter,DET,OF,OF,-0.7,99,352,319,43,16,47,2,1,77,46,13,3,143,90,25,5,0.243,0.304,0.448,0.753,97,681481
154,TJ Friedl,CIN,OF,OF,-1.1,97,392,338,54,10,36,8,2,82,57,14,1,129,70,41,8,0.244,0.335,0.380,0.716,89,670770
155,Marcus Semien,NYM,2B,2B,-1.3,108,409,364,46,12,46,7,2,86,58,16,1,138,70,38,3,0.235,0.310,0.379,0.688,68,12533
156,Josh Bell,MIN,1B,1B,-1.4,98,379,331,46,13,48,1,0,81,53,15,1,136,72,42,3,0.246,0.335,0.412,0.748,48,13145
157,Andres Gimenez,TOR,2B/SS,2B/SS,-1.4,109,374,340,43,8,39,12,3,85,60,16,2,128,63,22,8,0.251,0.308,0.378,0.686,87,665926
158,Jorge Polanco,NYM,2B,2B/3B,-1.7,90,353,310,44,14,45,3,1,75,47,14,0,130,72,37,3,0.242,0.324,0.420,0.745,29,13152
159,Addison Barger,TOR,3B/OF,3B/OF,-1.7,97,368,329,42,12,48,3,1,79,47,19,1,136,89,33,3,0.240,0.312,0.415,0.726,79,680718
160,Marcell Ozuna,PIT,DH,OF,-1.9,107,411,353,49,16,51,1,0,84,54,15,0,146,99,51,3,0.238,0.337,0.414,0.751,29,10324
161,Nolan Gorman,STL,2B/3B,2B/3B,-2.0,107,405,356,46,17,50,2,1,77,46,13,1,142,128,43,2,0.215,0.301,0.397,0.698,54,669357
162,Kyle Manzardo,CLE,1B,1B,-2.4,99,371,326,44,15,50,1,0,74,42,15,1,137,93,38,5,0.226,0.313,0.421,0.734,40,700932
163,Nolan Arenado,ARI,3B,3B,-2.4,105,385,350,43,12,46,2,1,88,59,17,1,142,60,28,3,0.252,0.309,0.405,0.714,35,9777
164,J.P. Crawford,SEA,SS,SS,-2.6,109,454,385,57,9,40,5,1,92,65,18,1,137,86,61,4,0.239,0.345,0.357,0.702,1,15491
165,Alec Bohm,PHI,3B,1B/3B,-2.6,105,387,352,43,9,44,2,1,94,65,18,2,142,61,28,4,0.266,0.324,0.403,0.727,70,664761
166,Josh Lowe,LAA,OF,OF,-2.6,97,351,317,39,10,40,12,3,75,47,16,1,124,96,28,2,0.235,0.299,0.392,0.690,30,666139
167,Alejandro Kirk,TOR,C,C,-2.6,86,323,282,39,10,40,1,0,77,53,13,0,120,40,35,3,0.271,0.354,0.426,0.779,37,672386
168,Willi Castro,COL,2B/3B/ OF,2B/3B/ OF,-2.8,102,370,327,40,8,39,10,3,81,55,16,2,125,88,31,8,0.247,0.324,0.382,0.706,56,650489
169,Francisco Alvarez,NYM,C,C,-3.3,84,311,275,39,14,43,1,0,65,39,11,1,120,74,30,4,0.236,0.316,0.437,0.754,99,682626
170,Brooks Lee,MIN,2B/SS/ 3B,2B/SS/ 3B,-3.4,106,367,334,44,11,42,4,1,83,55,15,1,133,64,26,3,0.247,0.302,0.397,0.700,62,686797
171,Cedric Mullins,TB,OF,OF,-3.6,98,360,320,40,10,37,17,4,70,44,15,2,117,83,33,3,0.219,0.297,0.367,0.663,25,656775
172,Austin Hays,CHW,OF,OF,-3.6,101,383,350,42,12,46,4,2,83,53,16,3,139,97,26,3,0.237,0.294,0.396,0.690,9,669720
173,Andrew Vaughn,MIL,1B,1B,-3.7,97,370,335,42,12,46,1,0,82,52,17,1,138,75,29,4,0.246,0.310,0.413,0.723,55,683734
174,Isaac Paredes,HOU,3B,3B,-3.8,85,328,279,43,13,43,1,0,69,42,13,1,122,54,39,7,0.247,0.352,0.438,0.790,100,670623
175,Evan Carter,TEX,OF,OF,-4.0,94,338,291,40,9,36,13,4,69,43,14,2,114,75,38,5,0.235,0.330,0.392,0.721,83,694497
176,Samuel Basallo,BAL,C,C,-4.2,85,298,267,36,14,41,1,0,64,38,12,0,118,74,26,3,0.241,0.310,0.441,0.751,100,694212
177,Gabriel Moreno,ARI,C,C,-4.3,88,318,281,37,8,37,3,1,77,54,15,1,117,56,32,3,0.275,0.350,0.415,0.765,98,672515
178,Max Muncy,LAD,3B,3B,-4.5,87,312,257,41,15,42,2,1,59,33,10,1,116,75,48,4,0.231,0.358,0.453,0.810,100,13301
179,Carter Jensen,KC,C,C,-4.5,93,333,294,39,11,40,2,1,71,45,14,1,122,85,35,2,0.241,0.323,0.414,0.737,100,695600
180,Cam Smith,HOU,OF,OF,-4.5,104,370,326,42,10,41,6,2,79,51,16,2,127,96,35,5,0.240,0.319,0.390,0.709,96,701358
181,Chase Meidroth,CHW,2B/SS,2B/SS,-4.5,104,402,346,47,6,37,8,2,88,66,16,1,122,66,47,5,0.254,0.347,0.353,0.700,15,805367
182,J.T. Realmuto,PHI,C,C,-4.8,100,360,326,39,10,40,4,1,79,53,16,1,127,84,25,5,0.244,0.305,0.389,0.694,92,11739
183,Troy Johnston,COL,1B/OF,1B/OF,-4.9,93,317,287,36,8,36,8,3,74,51,15,1,115,67,22,5,0.260,0.320,0.400,0.720,91,687859
184,Jeff McNeil,ATH,2B/OF,2B/OF,-5.2,100,345,306,42,7,37,3,1,81,56,16,2,121,43,29,6,0.265,0.337,0.397,0.734,33,643446
185,Kyle Teel,CHW,C,C,-5.5,92,345,299,40,9,36,4,1,73,51,13,1,114,88,39,3,0.244,0.334,0.381,0.715,80,691019
186,TJ Rumfield,COL,1B,1B,-5.6,94,346,310,40,9,42,2,1,80,54,16,1,126,68,29,4,0.259,0.328,0.407,0.736,80,681198
187,Justin Crawford,PHI,OF,OF,-5.6,96,310,281,35,4,31,14,4,75,55,14,2,105,62,24,2,0.267,0.325,0.373,0.698,70,702222
188,Lars Nootbaar,STL,OF,OF,-5.7,84,341,290,46,10,35,5,2,71,46,14,1,116,69,45,2,0.244,0.348,0.399,0.747,0,663457
189,Brayan Rocchio,CLE,2B/SS,2B/SS,-5.8,104,338,300,42,7,36,9,3,73,49,16,1,114,57,30,5,0.245,0.318,0.379,0.697,21,677587
190,Marcelo Mayer,BOS,2B/3B,2B/SS/ 3B,-6.0,100,355,323,39,9,40,5,2,81,51,19,1,130,77,26,3,0.250,0.309,0.401,0.710,18,691785
191,Dillon Dingler,DET,C,C,-6.1,86,318,287,36,11,40,1,0,71,45,14,1,119,73,22,5,0.247,0.309,0.413,0.722,100,693307
192,Agustin Ramirez,MIA,C,C,-6.2,76,286,257,34,10,34,7,2,62,38,14,1,107,57,23,3,0.242,0.309,0.414,0.723,72,682663
193,Victor Scott II,STL,OF,OF,-6.2,108,353,315,38,5,31,22,5,69,50,12,1,98,82,29,5,0.217,0.290,0.312,0.602,19,687363
194,Brady House,WSH,3B,3B,-6.2,99,374,349,39,11,44,4,1,83,57,16,1,132,104,19,3,0.238,0.282,0.378,0.660,23,691781
195,Andrew Benintendi,CHW,OF,OF,-6.7,91,356,319,45,10,37,2,1,78,53,13,2,125,72,31,2,0.245,0.313,0.393,0.705,1,17901
196,Jesus Sanchez,TOR,OF,OF,-6.7,82,302,271,37,10,37,6,2,67,42,14,1,113,70,26,2,0.247,0.316,0.417,0.732,79,660821
197,Austin Wells,NYY,C,C,-7.1,92,309,272,37,12,38,3,1,62,36,13,1,112,73,30,3,0.226,0.307,0.409,0.717,94,669224
198,Dylan Beavers,BAL,OF,OF,-7.4,89,316,273,37,9,35,9,3,66,43,12,1,106,74,38,2,0.239,0.333,0.388,0.721,30,687637
199,Giancarlo Stanton,NYY,OF,OF,-7.5,71,277,247,35,15,41,1,0,56,31,9,0,111,85,26,2,0.227,0.303,0.451,0.754,91,4949
200,Ha-Seong Kim,ATL,SS,2B/SS,-7.5,93,314,271,38,7,32,11,3,66,46,12,1,100,57,37,3,0.244,0.337,0.369,0.706,0,673490
201,Colton Cowser,BAL,OF,OF,-7.8,96,329,288,38,11,37,7,2,65,40,13,1,112,103,34,4,0.224,0.309,0.389,0.698,7,681297
202,Brett Baty,NYM,1B/2B/ 3B/OF,1B/2B/ 3B/OF,-7.9,89,319,286,35,10,38,4,1,68,46,11,2,113,80,28,2,0.238,0.306,0.392,0.698,80,683146
203,Joc Pederson,TEX,DH,DH,-8.1,90,330,281,41,13,42,2,1,66,41,11,1,119,77,40,6,0.235,0.340,0.423,0.763,0,11899
204,Tommy Edman,LAD,2B/OF,2B/3B/ OF,-8.3,89,299,272,36,8,34,5,1,68,45,13,1,108,52,21,3,0.249,0.308,0.396,0.703,2,669242
205,Josh Smith,TEX,1B/2B/ SS/3B,1B/2B/ SS/3B/ OF,-8.3,105,356,307,42,7,35,6,2,75,53,15,1,112,67,38,7,0.245,0.336,0.365,0.701,11,669701
206,Jake Meyers,HOU,OF,OF,-8.3,91,312,278,36,7,33,9,3,69,48,13,1,105,64,27,4,0.249,0.321,0.377,0.698,0,676694
207,Jake McCarthy,COL,OF,OF,-8.8,83,254,228,32,5,27,12,3,62,44,11,3,92,43,19,4,0.270,0.333,0.402,0.735,5,664983
208,Gavin Sheets,SD,1B/OF,1B/OF,-8.9,94,330,297,37,10,38,2,1,71,45,15,1,118,68,27,3,0.240,0.307,0.397,0.704,27,657757
209,Edouard Julien,COL,1B/2B,1B/2B,-8.9,83,321,272,44,8,29,6,2,66,45,12,1,104,92,43,3,0.242,0.347,0.384,0.731,26,666397
210,Spencer Steer,CIN,1B/OF,1B/OF,-8.9,84,291,254,35,10,35,4,1,61,37,13,1,106,63,30,4,0.239,0.327,0.415,0.742,100,668715
211,Connor Norby,MIA,1B/3B,1B/3B,-8.9,96,336,302,36,9,37,6,2,71,46,15,1,116,93,27,4,0.237,0.303,0.383,0.685,10,681393
212,Jake Cronenworth,SD,2B,1B/2B/SS,-9.0,111,375,321,46,8,38,3,1,74,50,15,1,117,75,42,7,0.231,0.330,0.363,0.693,0,630105
213,Matt Wallner,MIN,OF,OF,-9.0,89,304,261,38,13,38,3,1,58,31,13,1,111,96,33,8,0.221,0.323,0.424,0.747,42,670242
214,Jared Triolo,PIT,1B/SS/ 3B,1B/2B/ SS/3B,-9.1,103,368,320,40,6,35,8,2,76,54,15,1,112,83,41,3,0.239,0.328,0.350,0.677,0,669707
215,Carson Kelly,CHC,C,C,-9.2,88,309,271,35,9,35,1,0,66,45,11,1,106,61,32,4,0.242,0.326,0.392,0.718,92,13620
216,Carlos Cortes,ATH,OF,OF,-9.3,83,293,262,35,10,37,1,0,66,40,14,1,113,58,26,2,0.252,0.321,0.431,0.752,96,666126
217,Bo Naylor,CLE,C,C,-9.5,94,311,272,38,11,36,3,1,59,34,13,1,106,75,33,2,0.216,0.302,0.390,0.692,14,666310
218,Rhys Hoskins,CLE,1B,1B,-9.7,88,328,281,38,12,40,2,1,62,37,13,1,112,91,40,4,0.221,0.323,0.398,0.721,1,656555
219,Kyle Karros,COL,3B,3B,-9.7,94,322,282,37,6,34,3,1,75,52,16,1,111,73,33,3,0.265,0.345,0.392,0.738,1,691720
220,Luis Rengifo,MIL,2B/3B,2B/SS/ 3B,-9.8,87,313,285,34,7,32,8,3,71,50,13,1,108,54,22,3,0.250,0.309,0.378,0.687,0,650859
221,Kyle Isbel,KC,OF,OF,-9.8,99,311,283,37,6,33,8,2,70,48,14,2,106,63,21,3,0.247,0.302,0.374,0.675,7,664728
222,Trevor Larnach,MIN,OF,OF,-9.9,82,311,270,40,9,33,3,1,66,43,13,1,108,73,36,2,0.244,0.335,0.400,0.735,11,663616
223,Logan O’Hoppe,LAA,C,C,-9.9,87,293,264,35,11,35,2,1,60,39,9,1,104,82,23,3,0.225,0.291,0.393,0.684,14,681351
224,David Hamilton,MIL,2B/SS/ 3B,2B/SS/ 3B,-10.0,83,258,229,29,6,26,20,5,50,34,10,1,79,62,24,2,0.219,0.296,0.347,0.643,22,666152
225,Jordan Beck,COL,OF,OF,-10.0,76,277,250,35,8,28,9,3,61,39,12,1,99,76,22,2,0.243,0.307,0.396,0.703,10,687597
226,Jacob Young,WSH,OF,OF,-10.1,93,322,292,32,4,29,14,4,73,55,14,1,99,61,23,4,0.249,0.309,0.337,0.646,5,696285
227,Ke’Bryan Hayes,CIN,3B,3B,-10.3,101,325,295,38,6,33,6,2,72,52,12,2,108,63,24,2,0.245,0.302,0.365,0.667,0,663647
228,Kody Clemens,MIN,1B/2B/ OF,1B/2B/ OF,-10.4,81,283,256,32,11,35,5,2,58,34,12,2,104,71,22,3,0.225,0.292,0.406,0.698,9,665019
229,Nasim Nunez,WSH,2B/SS,2B/SS,-10.5,83,273,239,28,3,22,23,6,55,43,8,1,73,60,29,2,0.227,0.311,0.304,0.615,93,683083
230,Spencer Horwitz,PIT,1B,1B,-10.5,90,312,266,38,7,34,1,0,69,46,16,0,108,54,40,3,0.261,0.360,0.405,0.765,3,687462
231,Tyler Freeman,COL,OF,2B/OF,-10.7,73,252,222,29,4,28,10,3,62,45,12,1,87,33,20,7,0.278,0.354,0.393,0.747,1,671289
232,Dominic Canzone,SEA,OF,OF,-10.8,81,269,243,32,10,34,3,1,60,37,12,0,103,62,22,2,0.246,0.309,0.425,0.734,40,686527
233,Harrison Bader,SF,OF,OF,-11.1,91,304,277,34,7,32,8,3,66,45,12,1,102,74,20,5,0.238,0.296,0.368,0.664,3,664056
234,Alek Thomas,ARI,OF,OF,-11.1,93,302,278,34,7,32,7,2,67,44,15,1,106,70,17,3,0.240,0.287,0.379,0.666,1,677950
235,Isaac Collins,KC,OF,OF,-11.2,89,299,254,34,6,30,9,3,61,41,13,1,95,67,38,4,0.242,0.345,0.376,0.721,3,686555
236,Sam Antonacci,CHW,2B/OF,2B/OF,-11.3,84,275,235,35,4,26,9,3,60,43,10,2,86,47,30,8,0.254,0.355,0.367,0.722,85,803011
237,Jasson Dominguez,NYY,OF,OF,-11.5,75,243,215,28,7,28,10,3,54,36,10,1,87,57,24,2,0.251,0.329,0.404,0.733,99,691176
238,Owen Caissie,MIA,OF,OF,-11.6,94,319,284,35,10,36,3,1,65,40,15,1,111,105,29,3,0.229,0.303,0.390,0.693,34,683357
239,Mauricio Dubon,ATL,2B/SS/ 3B/OF,2B/SS/ 3B/OF,-11.7,88,309,287,34,5,32,3,1,75,54,15,1,108,41,17,2,0.263,0.305,0.376,0.682,75,643289
240,Anthony Volpe,NYY,SS,SS,-11.7,78,270,243,31,8,30,9,3,56,34,12,2,95,64,22,2,0.229,0.296,0.391,0.687,12,683011
241,Mike Yastrzemski,ATL,OF,OF,-11.9,92,305,265,38,10,34,3,1,60,37,12,2,104,73,34,3,0.226,0.316,0.392,0.708,3,573262
242,Joey Ortiz,MIL,SS,SS,-12.1,93,290,260,34,5,29,8,3,63,43,13,1,95,50,24,2,0.243,0.310,0.365,0.675,1,687401
243,Nathan Lukes,TOR,OF,OF,-12.5,75,283,254,37,5,26,3,1,69,48,14,1,100,44,23,3,0.269,0.332,0.393,0.725,0,18123
244,Michael Massey,KC,2B,2B/OF,-12.7,88,289,269,32,8,33,3,1,67,45,14,1,106,54,15,2,0.249,0.291,0.394,0.686,0,686681
245,Jake Bauers,MIL,1B/OF,1B/OF,-12.8,73,245,211,29,9,31,6,2,47,28,9,0,85,68,31,2,0.225,0.326,0.405,0.730,87,641343
246,JJ Bleday,CIN,OF,OF,-12.8,76,252,217,33,10,31,2,1,51,29,12,1,95,57,31,1,0.237,0.333,0.439,0.772,14,668709
247,Miguel Andujar,SD,3B/OF,3B/OF,-12.9,72,244,225,28,6,29,2,1,62,44,11,1,94,38,14,2,0.274,0.320,0.415,0.735,5,609280
248,Freddy Fermin,SD,C,C,-12.9,91,300,270,34,6,30,2,1,65,46,12,0,97,60,23,3,0.241,0.304,0.359,0.663,1,666023
249,Edgar Quero,CHW,C,C,-12.9,89,305,269,33,6,31,2,1,66,48,12,0,97,59,29,4,0.245,0.323,0.360,0.683,12,700337
250,Noelvi Marte,CIN,3B/OF,3B/OF,-13.0,67,218,199,26,7,26,8,2,50,33,9,1,82,48,15,2,0.253,0.307,0.413,0.720,33,682622
251,Tyler O’Neill,BAL,OF,OF,-13.1,73,261,226,31,11,33,2,1,52,32,9,1,94,73,30,3,0.230,0.324,0.416,0.740,1,641933
252,Jordan Lawlar,ARI,3B,3B,-13.1,81,256,228,31,6,27,9,2,55,35,13,1,88,68,22,3,0.243,0.314,0.387,0.701,4,691783
253,Matt Shaw,CHC,3B/OF,3B/OF,-13.1,76,229,203,28,7,26,8,2,50,32,10,1,81,44,22,2,0.244,0.319,0.401,0.720,75,807713
254,Tyler Stephenson,CIN,C,C,-13.2,85,284,249,33,9,31,1,0,58,37,12,0,96,79,29,3,0.232,0.316,0.387,0.703,81,663886
255,Luisangel Acuna,CHW,2B/OF,2B/SS/ OF,-13.6,78,240,221,26,3,23,13,4,55,41,10,1,77,42,15,2,0.251,0.299,0.349,0.648,8,682668
256,Angel Martinez,CLE,2B/OF,2B/OF,-13.7,74,253,232,29,7,27,6,2,57,37,12,1,91,52,16,3,0.244,0.296,0.393,0.690,96,682657
257,Gary Sanchez,MIL,C,C,-13.8,71,246,216,29,11,32,1,0,47,28,8,1,89,64,24,5,0.218,0.306,0.412,0.718,39,11442
258,Moises Ballesteros,CHC,DH,C,-13.9,77,268,240,35,8,31,1,0,65,44,13,1,102,46,23,2,0.271,0.336,0.427,0.763,99,694208
259,Ezequiel Duran,TEX,1B/2B/ SS/OF,1B/2B/ SS/3B/ OF,-14.0,78,246,226,27,5,26,7,2,57,38,13,1,87,55,14,3,0.251,0.300,0.386,0.686,0,677649
260,Lane Thomas,KC,OF,OF,-14.1,71,239,212,28,7,27,8,3,51,32,11,1,83,58,22,3,0.239,0.317,0.394,0.711,0,657041
261,Liam Hicks,MIA,C/1B,C/1B,-14.1,76,254,218,29,6,28,1,1,56,40,10,1,84,37,28,5,0.258,0.352,0.386,0.738,100,689414
262,Curtis Mead,WSH,1B/3B,1B/2B/ 3B,-14.2,76,267,241,32,7,28,4,1,60,39,13,1,95,54,19,5,0.249,0.314,0.393,0.707,0,678554
263,Carson Benge,NYM,OF,OF,-14.2,84,259,230,31,6,28,7,2,55,37,11,1,87,58,24,3,0.238,0.312,0.376,0.688,73,701807
264,Leody Taveras,BAL,OF,OF,-14.7,76,243,220,26,6,27,8,2,54,37,10,2,85,51,20,1,0.245,0.307,0.386,0.692,9,665750
265,Christopher Morel,MIA,OF,OF,-14.7,76,251,220,29,10,31,4,2,50,30,10,1,89,73,26,3,0.225,0.310,0.406,0.716,0,666624
266,Luke Raley,SEA,1B/OF,1B/OF,-14.7,79,265,234,30,10,31,3,1,52,32,9,1,92,83,20,9,0.220,0.303,0.393,0.695,58,670042
267,Amed Rosario,NYY,3B,2B/3B,-14.8,75,249,232,27,5,28,4,1,62,44,11,2,93,47,12,2,0.268,0.308,0.398,0.706,1,642708
268,Nathaniel Lowe,CIN,1B,1B,-14.8,75,249,215,30,9,30,1,0,54,35,9,1,90,59,30,2,0.249,0.341,0.419,0.759,55,663993
269,Luis Campusano,SD,C,C,-14.8,73,225,199,28,8,27,1,0,49,32,9,0,82,47,21,2,0.248,0.322,0.413,0.735,46,669134
270,Max Muncy,ATH,2B/3B,2B/SS/ 3B,-14.8,81,279,254,30,8,31,4,1,60,38,12,2,99,81,17,5,0.236,0.294,0.390,0.684,18,691777
271,Carlos Narvaez,BOS,C,C,-14.9,84,270,238,31,8,29,2,1,54,35,12,0,89,72,26,3,0.227,0.307,0.374,0.681,51,665966
272,Sean Murphy,ATL,C,C,-14.9,77,267,231,31,10,31,1,0,50,30,10,1,90,72,28,5,0.216,0.311,0.387,0.698,1,669221
273,Austin Martin,MIN,OF,OF,-15.0,75,262,223,30,3,23,10,3,57,42,12,1,78,46,33,4,0.255,0.357,0.350,0.707,4,668885
274,Jeremiah Jackson,BAL,2B/OF,2B/3B/ OF,-15.0,76,231,216,26,8,28,4,1,53,34,11,1,88,52,11,2,0.244,0.282,0.406,0.689,87,669236
275,Nick Gonzales,PIT,2B/3B,2B/SS/ 3B,-15.0,78,278,253,30,5,29,3,1,67,47,15,2,99,54,19,3,0.266,0.322,0.389,0.711,10,693304
276,Patrick Bailey,SF,C,C,-15.1,98,319,287,36,6,31,3,1,63,44,12,1,96,82,27,2,0.221,0.289,0.334,0.623,0,672275
277,Travis Bazzana,CLE,2B,2B,-15.1,94,318,272,33,6,29,9,3,60,39,13,2,94,86,40,3,0.220,0.324,0.345,0.670,77,683953
278,Gabriel Arias,CLE,2B/SS,2B/SS/ 3B,-15.2,85,281,256,31,8,30,5,2,58,37,13,1,96,87,19,3,0.228,0.285,0.374,0.659,0,672356
279,Ryan McMahon,NYY,3B,3B,-15.3,94,308,266,36,10,33,2,1,55,34,11,0,97,99,37,2,0.209,0.307,0.363,0.670,0,15112
280,Garrett Mitchell,MIL,OF,OF,-15.3,71,245,211,30,6,24,10,3,48,31,10,1,79,77,29,2,0.230,0.325,0.375,0.700,86,669003
281,Ildemaro Vargas,ARI,1B/2B,1B/2B/ 3B,-15.8,73,249,229,28,5,28,2,1,62,43,11,2,92,29,15,2,0.269,0.316,0.399,0.715,97,13324
282,Pedro Pages,STL,C,C,-15.8,84,269,244,30,8,29,2,1,55,37,10,1,89,68,19,3,0.226,0.284,0.363,0.646,15,686780
283,Victor Caratini,MIN,C,C,-16.0,73,245,218,27,6,28,1,0,54,39,9,0,83,44,20,5,0.249,0.325,0.380,0.705,34,605170
284,Dylan Crews,WSH,OF,OF,-16.0,61,231,208,26,7,26,9,3,48,32,9,1,79,54,18,3,0.232,0.300,0.380,0.680,15,686611
285,Gavin Lux,TB,OF,2B/3B/ OF,-16.1,93,342,298,38,4,30,2,1,72,50,16,1,103,80,38,2,0.240,0.327,0.346,0.673,0,666158
286,Casey Schmitt,SF,2B/3B,1B/2B/ 3B,-16.1,73,250,228,27,7,31,2,1,55,36,11,1,90,56,17,3,0.242,0.301,0.394,0.694,79,669477
287,Cole Young,SEA,2B,2B,-16.3,84,277,242,31,5,28,4,1,59,41,11,2,90,51,28,4,0.243,0.327,0.370,0.696,77,702284
288,Jonny DeLuca,TB,OF,OF,-16.4,72,228,207,25,7,26,8,2,49,31,10,2,81,48,16,3,0.235,0.296,0.393,0.689,7,676356
289,Nathan Church,STL,OF,OF,-16.4,76,235,215,25,6,25,6,2,55,39,9,1,83,39,15,3,0.255,0.307,0.384,0.691,82,701675
290,Kyle Higashioka,TEX,C,C,-16.5,71,228,209,26,8,27,2,1,47,29,9,1,82,56,15,1,0.224,0.279,0.394,0.673,0,5517
291,Victor Robles,SEA,OF,OF,-16.6,72,245,220,25,3,22,12,3,53,37,12,1,76,54,17,5,0.239,0.306,0.344,0.650,0,645302
292,Jake Mangum,PIT,OF,OF,-16.6,72,228,211,25,2,21,9,3,57,43,11,1,77,40,13,2,0.272,0.316,0.363,0.678,4,663968
293,Danny Jansen,TEX,C,C,-16.7,77,239,206,30,8,27,1,0,44,26,9,1,80,58,27,3,0.215,0.311,0.387,0.698,5,16535
294,Lenyn Sosa,TOR,1B/2B,1B/2B/ 3B,-16.7,75,246,232,26,8,30,1,1,57,38,11,0,92,56,10,2,0.247,0.280,0.398,0.679,4,672820
295,Hyeseong Kim,LAD,2B/SS,2B/SS/ OF,-16.7,74,222,203,24,3,22,9,2,53,41,8,1,72,44,14,2,0.262,0.311,0.355,0.667,28,808975
296,Jake Fraley,TB,OF,OF,-16.8,73,240,212,26,6,26,7,2,51,35,10,0,79,52,23,2,0.240,0.318,0.373,0.691,0,641584
297,Javier Sanoja,MIA,2B/3B/ OF,2B/SS/ 3B/OF,-16.8,76,221,202,26,3,23,6,2,53,37,12,1,77,25,15,1,0.262,0.314,0.382,0.696,1,691594
298,Jose Fernandez,ARI,SS,SS,-17.1,78,243,227,26,6,27,3,1,58,41,11,1,88,52,12,2,0.256,0.295,0.386,0.681,56,699912
299,Davis Schneider,TOR,2B/OF,2B/OF,-17.2,78,255,214,31,8,27,3,1,46,27,10,1,81,73,35,3,0.212,0.327,0.379,0.706,0,676914
300,Yoan Moncada,LAA,3B,3B,-17.3,77,284,250,31,8,31,1,0,57,37,11,2,94,84,28,4,0.226,0.310,0.376,0.686,1,17232
301,Coby Mayo,BAL,1B/3B,1B/3B,-17.3,76,235,208,28,9,28,2,1,47,28,10,1,86,65,22,2,0.228,0.304,0.411,0.715,12,691723
302,Keibert Ruiz,WSH,C,C,-17.8,72,208,193,25,5,24,1,0,49,33,10,0,75,25,11,2,0.252,0.295,0.389,0.685,1,660688
303,Zach McKinstry,DET,SS/3B/ OF,SS/3B/ OF,-17.9,76,248,220,27,5,24,7,2,51,34,10,2,79,54,23,3,0.229,0.305,0.357,0.662,7,656716
304,Oswald Peraza,LAA,2B/3B,1B/2B/ SS/3B,-17.9,74,225,203,25,7,24,8,2,46,31,8,0,74,59,17,3,0.225,0.292,0.367,0.659,33,672724
305,Joey Loperfido,HOU,OF,OF,-17.9,77,258,234,27,6,27,5,1,54,36,12,1,86,74,18,4,0.233,0.294,0.369,0.663,0,694388
306,Yohel Pozo,STL,C,C,-18.2,63,186,176,22,5,23,1,0,46,31,10,0,73,24,6,1,0.261,0.288,0.412,0.700,0,650968
307,Dalton Rushing,LAD,C,C,-18.3,63,183,160,23,8,23,1,0,38,22,7,0,69,50,19,3,0.235,0.322,0.432,0.753,92,687221
308,Nick Castellanos,SD,OF,OF,-18.4,76,239,220,26,7,27,2,1,53,35,11,1,86,57,15,2,0.242,0.293,0.393,0.686,2,11737
309,Dominic Smith,ATL,1B,1B,-18.9,74,233,209,26,6,26,1,1,52,37,10,0,80,47,19,3,0.251,0.318,0.384,0.702,9,15653
310,Griffin Conine,MIA,OF,OF,-18.9,69,220,195,26,8,26,2,1,44,27,8,1,78,70,21,2,0.226,0.303,0.400,0.703,0,665052
311,George Valera,CLE,OF,OF,-18.9,65,229,204,26,8,27,1,0,47,30,9,1,81,57,21,2,0.232,0.307,0.399,0.706,0,671655
312,Brandon Lockridge,MIL,OF,OF,-19.0,75,242,217,25,3,21,11,2,52,38,10,1,72,64,21,2,0.238,0.307,0.330,0.637,0,663604
313,Henry Davis,PIT,C,C,-19.1,74,213,189,25,6,23,3,1,42,27,9,0,69,53,18,3,0.222,0.298,0.365,0.664,7,680779
314,Everson Pereira,CHW,OF,OF,-19.2,67,222,200,25,8,27,3,1,44,27,8,1,78,70,18,3,0.219,0.289,0.389,0.677,7,677592
315,Daniel Schneemann,CLE,2B/3B/ OF,2B/SS/ 3B/OF,-19.2,75,244,215,26,6,25,5,2,47,30,10,1,77,68,25,2,0.218,0.301,0.357,0.658,41,682177
316,Nick Fortes,TB,C,C,-19.4,74,224,205,25,5,24,1,0,49,33,9,1,75,38,13,4,0.238,0.292,0.368,0.660,21,663743
317,Graham Pauley,MIA,3B,1B/3B,-19.4,77,237,212,27,6,25,4,1,48,31,11,1,79,49,20,2,0.229,0.299,0.371,0.670,0,688363
318,Triston Casas,BOS,1B,1B,-19.5,56,195,166,24,8,25,1,0,40,24,8,1,72,50,25,2,0.239,0.341,0.433,0.775,1,671213
319,Ben Williamson,TB,2B/3B,2B/3B,-19.6,79,266,241,26,3,24,5,2,61,44,13,1,83,55,20,3,0.251,0.313,0.346,0.658,0,810938
320,Romy Gonzalez,BOS,1B/2B,1B/2B,-19.7,58,172,159,21,5,21,4,1,43,28,9,1,68,42,10,2,0.269,0.314,0.430,0.744,0,663853
321,Miguel Amaya,CHC,C,C,-20.1,70,204,182,25,5,22,1,0,43,28,8,1,68,43,16,4,0.234,0.306,0.375,0.680,3,665804
322,Taylor Walls,TB,SS,SS,-20.3,78,242,211,26,3,21,12,3,43,29,10,1,65,60,27,1,0.205,0.294,0.306,0.601,0,670764
323,Parker Meadows,DET,OF,OF,-20.4,73,230,204,26,5,23,6,2,45,30,9,2,73,58,22,2,0.223,0.300,0.357,0.657,0,678009
324,Joe Mack,MIA,C,C,-20.4,73,221,197,25,6,23,2,1,43,28,8,1,71,60,19,2,0.216,0.288,0.357,0.645,0,691788
325,Paul Goldschmidt,NYY,1B,1B,-20.4,67,197,176,26,6,21,2,1,45,29,9,0,71,44,18,2,0.253,0.325,0.405,0.730,0,9218
326,Tyrone Taylor,NYM,OF,OF,-20.5,74,222,204,24,5,23,5,1,47,30,11,1,75,48,12,4,0.231,0.283,0.369,0.652,0,621438
327,Joey Bart,PIT,C,C,-20.5,72,218,191,26,5,22,1,0,44,31,8,1,67,62,21,4,0.231,0.316,0.353,0.669,0,663698
328,Matt Vierling,DET,OF,OF,-20.5,72,238,213,26,5,24,3,1,51,35,10,1,77,54,20,2,0.239,0.307,0.363,0.670,0,663837
329,Thomas Saggese,STL,2B/SS/ OF,2B/SS/ 3B/OF,-20.8,76,229,210,24,4,23,3,1,51,35,11,1,75,59,15,3,0.241,0.295,0.359,0.654,0,695336
330,Pavin Smith,ARI,1B,1B,-20.9,64,224,191,25,6,24,2,1,45,29,9,1,72,58,30,1,0.234,0.337,0.379,0.716,0,656976
331,Alex Freeland,LAD,2B/3B,2B/3B,-21.0,76,223,194,27,5,23,4,1,43,28,9,1,69,59,25,2,0.223,0.313,0.356,0.669,0,690976
332,Masataka Yoshida,BOS,DH,OF,-21.1,64,200,180,24,5,24,2,1,50,35,10,0,76,27,15,3,0.279,0.343,0.422,0.765,0,807799
333,Tristan Peters,CHW,OF,OF,-21.3,78,246,220,26,4,24,4,2,50,35,9,1,75,57,21,2,0.227,0.298,0.343,0.640,0,671976
334,Denzel Clarke,ATH,OF,OF,-21.3,74,226,203,25,4,22,7,2,45,29,9,2,70,77,17,3,0.220,0.286,0.344,0.630,1,672016
335,Connor Wong,BOS,C,C,-21.5,67,189,170,21,4,19,3,1,41,28,9,0,63,45,14,3,0.242,0.304,0.368,0.672,0,657136
336,Adrian Del Castillo,ARI,DH,C,-21.9,77,258,232,27,7,30,1,0,53,33,12,1,88,73,21,2,0.228,0.294,0.380,0.675,0,680728
337,Tyler Austin,CHC,1B,1B,-22.1,57,169,153,20,7,22,1,0,38,23,8,0,66,38,14,1,0.247,0.310,0.432,0.742,0,592122
338,Nick Yorke,PIT,2B/3B,1B/2B/ 3B,-22.1,60,195,177,21,4,20,4,1,46,33,9,1,67,41,14,2,0.258,0.316,0.376,0.692,0,694377
339,Will Benson,CIN,OF,OF,-22.3,69,181,157,22,6,21,5,1,34,20,7,1,62,56,21,1,0.217,0.310,0.394,0.705,0,666181
340,Wenceel Perez,DET,OF,OF,-22.5,64,179,160,21,5,20,5,2,38,25,8,1,62,37,16,2,0.238,0.308,0.386,0.694,3,672761
341,Jorbit Vivas,WSH,2B/3B,2B/3B,-22.6,76,233,203,25,3,21,4,1,48,35,10,1,68,36,23,5,0.236,0.325,0.334,0.660,0,678391
342,Blaze Alexander,BAL,3B,2B/3B,-22.7,75,212,188,24,4,21,5,2,42,29,8,1,64,65,18,4,0.222,0.299,0.343,0.642,0,677942
343,Heriberto Hernandez,MIA,OF,OF,-22.7,61,197,172,23,6,21,3,1,38,24,7,1,64,56,21,2,0.221,0.311,0.375,0.685,0,681715
344,Javier Baez,DET,SS/3B/ OF,2B/SS/ 3B/OF,-23.0,63,182,170,20,5,20,3,1,40,27,7,1,62,41,7,2,0.235,0.272,0.366,0.639,0,12979
345,Jorge Mateo,ATL,SS,2B/SS/ OF,-23.0,59,149,137,16,3,15,11,2,31,20,7,1,49,40,9,1,0.227,0.276,0.359,0.635,0,17273
346,Dane Myers,CIN,OF,OF,-23.0,54,166,149,21,4,15,6,2,37,26,6,0,56,41,13,2,0.245,0.312,0.373,0.685,0,667472
347,Ramon Urias,STL,2B/3B,2B/3B,-23.2,67,186,167,22,5,20,1,1,41,28,8,0,64,40,14,3,0.245,0.311,0.382,0.693,0,602104
348,Vaughn Grissom,LAA,2B,2B,-23.2,61,182,164,20,4,19,2,1,42,30,9,0,63,34,15,2,0.258,0.324,0.384,0.708,1,687093
349,CJ Kayfus,CLE,OF,1B/OF,-23.3,60,180,159,21,5,20,2,1,38,23,8,1,64,48,16,2,0.237,0.313,0.399,0.713,0,692216
350,Richie Palacios,TB,2B/OF,2B/OF,-23.4,64,170,146,19,3,16,7,2,34,23,7,0,50,35,20,2,0.231,0.330,0.344,0.673,0,680700
351,Jose Trevino,CIN,C,C,-23.5,62,160,146,19,4,18,1,0,36,25,7,0,55,25,10,1,0.245,0.296,0.377,0.673,0,624431
352,Jose Fermin,STL,2B/OF,2B/OF,-23.5,64,164,141,18,3,16,5,2,35,24,8,0,52,23,19,3,0.246,0.341,0.368,0.709,0,665877
353,Jorge Barrosa,ARI,OF,OF,-23.7,77,226,203,25,3,21,3,1,46,30,11,1,68,54,19,2,0.226,0.294,0.338,0.632,0,678489
354,Colt Emerson,SEA,SS,SS,-23.7,61,211,186,23,4,20,5,1,41,28,9,1,64,53,20,3,0.222,0.303,0.342,0.645,3,806068
355,Ronny Mauricio,NYM,3B,2B/3B,-23.9,55,148,136,18,5,18,4,1,33,21,6,0,54,37,9,1,0.240,0.292,0.401,0.694,3,677595
356,Zack Gelof,ATH,2B/OF,2B/OF,-23.9,54,144,128,17,5,17,4,1,29,18,6,0,50,44,13,1,0.226,0.300,0.393,0.694,5,680869
357,Carson Williams,TB,SS,SS,-24.0,61,190,170,21,6,20,6,2,33,20,7,1,60,66,16,2,0.195,0.267,0.351,0.618,0,700246
358,Luis Torrens,NYM,C,C,-24.1,62,163,149,19,4,18,1,0,35,23,7,0,55,36,11,2,0.233,0.290,0.371,0.661,0,620443
359,Enrique Hernandez,LAD,1B/3B/ OF,1B/2B/ SS/3B/OF,-24.3,61,179,163,20,5,20,1,0,38,25,8,0,61,40,13,1,0.231,0.291,0.375,0.666,0,10472
360,Zach Cole,HOU,OF,OF,-24.3,54,173,154,20,6,19,4,1,33,19,7,1,59,65,15,2,0.212,0.287,0.380,0.667,0,805904
361,Leo Rivas,SEA,2B/3B,2B/SS/ 3B,-24.4,76,220,183,25,3,18,8,2,38,28,6,1,53,59,32,2,0.205,0.327,0.290,0.618,0,660844
362,Tyler Locklear,ARI,1B,1B,-24.5,57,165,146,19,5,18,3,1,35,23,7,0,56,45,14,3,0.237,0.315,0.386,0.700,0,682988
363,Brice Matthews,HOU,2B/OF,2B/OF,-24.5,57,149,132,17,5,16,6,2,28,18,5,1,49,49,14,2,0.214,0.294,0.369,0.662,46,694728
364,Starling Marte,KC,OF,OF,-24.7,54,143,130,16,3,16,4,1,35,25,7,0,52,31,9,2,0.270,0.327,0.399,0.726,0,9241
365,Blake Perkins,MIL,OF,OF,-24.8,66,190,165,21,3,17,6,2,36,25,7,1,55,51,21,2,0.218,0.308,0.331,0.639,0,663368
366,Bryce Teodosio,LAA,OF,OF,-24.8,72,194,178,20,3,17,8,2,38,27,7,2,57,61,11,3,0.213,0.266,0.317,0.584,0,669326
367,Cody Freeman,TEX,2B,2B/3B/ OF,-24.8,59,160,148,18,4,18,2,1,37,25,8,0,58,24,10,1,0.249,0.297,0.390,0.687,0,683227
368,Christian Moore,LAA,2B,2B,-24.8,56,179,156,21,5,18,4,1,34,23,6,1,56,55,20,1,0.220,0.311,0.362,0.673,0,695681
369,Anthony Santander,TOR,OF,OF,-24.9,42,153,135,18,6,20,1,0,30,18,6,0,56,36,15,1,0.225,0.306,0.415,0.721,1,623993
370,Michael Conforto,CHC,OF,OF,-25.3,67,182,158,21,5,20,1,0,36,23,8,0,60,46,20,2,0.228,0.323,0.379,0.702,0,16376
371,Adam Frazier,LAA,2B/OF,2B/3B/ OF,-25.4,67,186,168,20,3,17,3,1,39,28,7,1,55,38,13,3,0.231,0.294,0.329,0.624,0,15223
372,Colby Thomas,ATH,OF,OF,-25.4,58,143,131,16,5,19,2,1,31,18,7,0,54,43,9,2,0.236,0.291,0.415,0.707,0,687515
373,Tim Tawa,ARI,1B/2B/ OF,1B/2B/ OF,-25.4,58,154,138,18,4,16,3,1,31,20,6,0,50,38,13,1,0.223,0.292,0.365,0.657,0,694374
374,Jake Rogers,DET,C,C,-25.5,61,157,140,18,5,17,2,0,29,18,6,1,50,45,13,2,0.207,0.279,0.359,0.638,0,668670
375,Jose Tena,WSH,3B,2B/3B,-25.5,63,162,148,17,3,17,4,1,36,25,7,1,55,42,12,1,0.246,0.302,0.369,0.671,0,677588
376,Felix Reyes,PHI,OF,OF,-25.7,58,143,135,16,4,18,1,1,34,22,7,0,55,28,6,1,0.248,0.280,0.405,0.686,0,694025
377,Carlos Santana,ARI,1B,1B,-25.8,60,177,155,20,5,18,1,0,36,24,7,0,56,35,19,1,0.229,0.315,0.361,0.676,0,2396
378,Sam Haggerty,TEX,OF,2B/OF,-25.8,58,151,135,16,2,14,7,2,32,23,6,1,47,36,13,2,0.238,0.308,0.349,0.657,0,664059
379,Tyler Black,MIL,1B,1B,-25.9,58,169,146,18,3,17,5,2,32,21,7,1,51,43,20,2,0.222,0.322,0.349,0.671,1,672012
380,Nick Loftin,KC,OF,OF,-26.1,57,154,135,18,3,16,2,1,34,23,7,1,51,23,16,2,0.251,0.335,0.382,0.716,0,679845
381,Darell Hernaiz,ATH,SS/3B,2B/SS/ 3B,-26.1,56,152,136,17,2,15,3,1,35,26,7,1,50,22,13,1,0.260,0.325,0.366,0.691,0,687231
382,Harry Ford,WSH,C,C,-26.1,49,157,135,17,3,15,3,1,30,20,6,0,46,39,18,2,0.219,0.316,0.338,0.654,0,695670
383,Alejandro Osuna,TEX,OF,OF,-26.1,58,143,125,16,3,15,4,2,31,21,6,1,47,30,14,2,0.246,0.330,0.375,0.705,0,696030
384,Edmundo Sosa,PHI,2B/3B,2B/SS/ 3B/OF,-26.2,56,139,129,15,4,16,2,1,33,22,7,1,52,31,6,2,0.253,0.296,0.402,0.698,0,624641
385,Jahmai Jones,DET,OF,OF,-26.2,57,142,123,18,4,15,3,1,29,18,6,1,49,37,15,2,0.234,0.325,0.398,0.722,0,663330
386,Drew Gilbert,SF,OF,OF,-26.4,64,163,145,19,4,17,1,1,34,22,7,1,54,32,14,2,0.232,0.304,0.373,0.678,1,687551
387,Ty France,SD,1B,1B,-26.5,57,151,135,17,4,17,1,0,35,24,7,0,53,28,10,4,0.256,0.323,0.391,0.714,0,664034
388,Brett Sullivan,COL,C,C,-26.5,57,148,135,15,3,15,1,0,32,21,7,1,49,26,10,1,0.237,0.294,0.364,0.658,0,664954
389,Rafael Marchan,PHI,C,C,-26.6,56,150,134,17,3,15,1,0,30,21,6,0,46,27,12,2,0.225,0.297,0.345,0.642,0,665561
390,James McCann,ARI,C,C,-26.7,57,145,134,15,4,15,1,0,31,21,6,0,48,39,8,2,0.230,0.279,0.358,0.637,0,12859
391,MJ Melendez,NYM,OF,OF,-26.7,57,141,126,16,5,17,3,1,27,16,6,1,49,41,13,1,0.215,0.289,0.391,0.680,3,669004
392,Deyvison De Los Santos,MIA,1B,1B/3B,-26.7,54,143,132,15,5,17,3,1,31,20,5,0,50,36,8,1,0.232,0.280,0.382,0.662,0,691277
393,Johan Rojas,PHI,OF,OF,-26.8,48,131,121,14,2,13,7,2,30,22,5,1,42,28,8,1,0.245,0.295,0.350,0.645,0,679032
394,Drew Millas,WSH,C,C,-26.9,55,138,124,15,2,13,2,1,29,21,6,1,43,25,11,1,0.235,0.299,0.344,0.643,0,686452
395,Dustin Harris,HOU,OF,OF,-26.9,57,140,125,16,3,14,5,1,29,20,6,1,44,33,12,2,0.231,0.304,0.353,0.657,0,687957
396,Bryce Eldridge,SF,DH,1B,-26.9,54,184,164,21,6,21,1,0,38,24,8,0,64,57,17,2,0.230,0.306,0.392,0.698,15,805811
397,Andres Chaparro,WSH,1B,1B,-27.0,52,137,123,16,5,17,1,0,29,18,6,0,50,33,11,1,0.234,0.303,0.406,0.709,0,665953
398,Alex Call,LAD,OF,OF,-27.1,49,149,127,18,3,15,2,1,30,20,6,1,47,28,19,2,0.238,0.341,0.371,0.712,0,669743
399,Andruw Monasterio,BOS,SS,2B/SS/ 3B,-27.2,50,141,125,15,2,14,4,1,31,22,7,0,45,31,14,1,0.247,0.325,0.360,0.685,0,655316
400,Ryan Mountcastle,BAL,1B,1B,-27.3,44,128,118,15,4,15,1,0,30,19,6,0,49,32,8,1,0.252,0.304,0.413,0.717,0,663624
401,Jonah Heim,ATL,C,C,-27.4,50,126,114,14,4,14,1,0,26,18,5,0,42,24,10,1,0.229,0.291,0.365,0.657,0,16930
402,James Outman,MIN,OF,OF,-27.4,57,143,125,17,4,15,4,1,26,15,5,1,45,49,15,2,0.206,0.296,0.363,0.659,0,681546
403,Travis d’Arnaud,LAA,C,C,-27.4,55,139,126,15,4,15,0,0,27,17,6,0,46,38,10,2,0.213,0.276,0.362,0.637,3,7739
404,J.C. Escarra,NYY,C,C,-27.5,50,128,114,14,3,13,1,0,27,18,6,1,43,26,12,1,0.235,0.310,0.373,0.683,0,641555
405,Derek Hill,CHW,OF,OF,-27.5,54,134,122,14,3,14,5,2,28,19,5,1,43,39,9,1,0.228,0.285,0.355,0.640,0,656537
406,Rob Refsnyder,SEA,OF,OF,-27.6,55,137,119,18,4,13,1,0,28,18,5,0,46,37,15,2,0.232,0.320,0.387,0.707,0,13770
407,Mitch Garver,SEA,C,C,-27.6,50,133,114,15,4,14,1,0,24,15,4,1,42,38,16,2,0.205,0.309,0.365,0.674,0,15161
408,Christian Vazquez,HOU,C,C,-27.6,47,132,120,14,3,13,1,0,28,20,5,0,42,26,9,1,0.231,0.287,0.346,0.633,3,9774
409,Eli White,ATL,OF,OF,-27.7,57,139,127,15,4,15,4,1,29,20,5,1,46,36,9,2,0.228,0.286,0.361,0.647,0,642201
410,Brandon Valenzuela,TOR,C,C,-27.7,58,144,129,16,4,14,1,0,27,18,5,0,44,39,12,1,0.208,0.276,0.337,0.612,1,678218
411,Isiah Kiner-Falefa,BOS,2B/SS/ 3B,2B/SS/ 3B,-27.9,56,138,128,15,1,13,4,1,33,25,6,1,44,23,7,2,0.255,0.300,0.341,0.641,0,643396
412,Tristan Gray,MIN,2B/3B,2B/SS/ 3B,-28.0,57,150,137,17,5,17,1,0,30,18,6,1,52,44,10,1,0.218,0.273,0.376,0.649,0,656484
413,Esteury Ruiz,MIA,OF,OF,-28.0,41,95,84,11,2,10,7,2,20,14,4,1,32,23,8,2,0.240,0.313,0.377,0.690,7,665923
414,Taylor Trammell,HOU,OF,OF,-28.0,50,131,113,16,4,14,3,1,24,14,5,1,43,40,15,1,0.211,0.310,0.378,0.688,0,666211
415,Zach Dezenzo,HOU,OF,1B/OF,-28.0,50,135,121,15,4,15,2,1,28,18,6,0,47,39,12,1,0.234,0.303,0.385,0.688,0,701305
416,Brett Harris,ATH,3B,3B,-28.1,57,147,129,17,3,15,2,1,29,20,6,0,46,34,14,2,0.228,0.311,0.354,0.665,0,695391
417,Austin Wynns,ATH,C,C,-28.2,46,129,117,13,3,13,1,0,27,18,5,0,42,34,9,1,0.226,0.285,0.355,0.640,0,642851
418,Rece Hinds,CIN,OF,OF,-28.2,45,116,106,14,5,14,3,1,24,14,5,0,43,39,8,1,0.223,0.280,0.410,0.689,0,677956
419,Miguel Rojas,LAD,2B/SS/ 3B,2B/SS/ 3B,-28.3,49,125,114,14,2,13,2,1,30,21,6,0,43,17,9,1,0.261,0.314,0.380,0.694,0,7802
420,Braxton Fulford,COL,C,C,-28.4,37,99,88,12,3,11,1,0,21,13,4,1,35,27,8,2,0.238,0.309,0.397,0.706,0,690924
421,Myles Straw,TOR,OF,OF,-28.5,57,154,139,16,2,12,5,1,33,25,6,1,44,30,13,1,0.235,0.301,0.319,0.620,0,664702
422,Daniel Susac,SF,C,C,-28.5,45,114,105,12,3,12,1,0,25,17,5,1,38,30,7,1,0.237,0.285,0.365,0.650,0,691740
423,Hao-Yu Lee,DET,3B,3B,-28.6,57,142,128,16,3,14,3,1,29,20,6,1,45,33,11,2,0.229,0.295,0.355,0.650,0,701678
424,Hunter Feduccia,TB,C,C,-28.7,64,163,141,18,3,14,1,0,29,20,6,1,44,46,19,1,0.207,0.304,0.315,0.619,0,676439
425,Sung-Mun Song,SD,3B,3B,-28.7,49,130,118,15,3,13,2,1,29,21,5,0,42,23,10,1,0.244,0.301,0.357,0.657,0,823550
426,Jerar Encarnacion,SF,OF,OF,-28.8,54,135,122,15,4,15,1,0,27,18,5,0,45,42,11,1,0.224,0.290,0.370,0.660,0,666464
427,Abimelec Ortiz,WSH,1B,1B,-28.9,44,124,110,15,4,14,1,0,25,16,5,0,43,30,11,1,0.227,0.301,0.393,0.694,0,694673
428,Tyler Heineman,TOR,C,C,-29.0,55,138,123,15,2,12,2,0,27,20,5,1,38,31,11,3,0.219,0.294,0.312,0.606,0,13897
429,Nelson Velazquez,STL,OF,OF,-29.0,44,127,113,14,5,15,1,0,24,15,4,0,43,36,12,1,0.213,0.288,0.381,0.669,0,676369
430,Ryan Ritter,COL,2B/SS,2B/SS,-29.1,43,117,105,14,3,13,2,0,26,17,5,1,41,30,9,2,0.247,0.314,0.388,0.702,0,690022
431,Austin Hedges,CLE,C,C,-29.3,56,136,122,14,3,13,1,0,25,17,4,0,39,35,11,1,0.202,0.271,0.319,0.591,0,12976
432,Andrew McCutchen,TEX,DH,DH,-29.3,67,177,153,21,5,17,1,0,34,23,7,0,55,45,21,1,0.224,0.320,0.360,0.680,0,9847
433,Joey Wiemer,WSH,OF,OF,-29.4,57,145,129,15,4,15,2,1,27,17,5,1,45,45,13,2,0.206,0.285,0.347,0.633,4,686894
434,Johnathan Rodriguez,BAL,OF,OF,-29.5,45,112,100,13,4,13,1,0,24,16,4,0,40,32,10,1,0.242,0.314,0.400,0.715,0,671286
435,Yohendrick Pinango,TOR,OF,OF,-29.5,58,143,128,16,3,14,1,0,29,19,7,0,46,33,13,1,0.230,0.302,0.358,0.660,0,682818
436,Elias Diaz,KC,C,C,-29.6,42,101,92,12,3,11,0,0,21,14,4,0,34,24,7,1,0.232,0.290,0.367,0.658,0,11680
437,Leo Jimenez,MIA,2B,2B/SS,-29.8,58,143,124,15,3,13,1,0,29,20,6,0,43,30,13,4,0.235,0.323,0.349,0.671,0,677870
438,Santiago Espinal,LAD,3B,2B/SS/ 3B/OF,-29.9,50,122,111,14,2,12,1,0,29,21,6,0,39,17,8,1,0.256,0.310,0.351,0.662,0,669289
439,Luis Matos,FA,OF,OF,-29.9,42,99,91,11,3,12,2,0,22,14,5,0,37,15,6,1,0.244,0.298,0.410,0.708,0,682641
440,Will Brennan,SF,OF,OF,-29.9,48,115,107,12,2,12,2,1,28,20,6,1,40,17,6,1,0.263,0.306,0.378,0.684,0,686823
441,Tanner Murray,CHW,SS,SS,-29.9,54,147,136,14,3,15,1,0,31,21,7,0,48,36,8,2,0.227,0.274,0.349,0.622,0,695020
442,Will Wagner,SD,3B,1B/3B,-30.0,46,122,107,14,2,12,1,0,27,20,6,0,39,22,13,1,0.255,0.335,0.365,0.700,0,695238
443,Alan Roden,MIN,OF,OF,-30.0,39,108,94,13,2,11,2,1,24,16,5,0,36,21,11,2,0.250,0.335,0.382,0.717,0,702176
444,Tyler Tolbert,KC,OF,SS/OF,-30.1,39,97,89,10,1,9,8,2,20,15,4,0,29,24,6,1,0.228,0.282,0.321,0.603,0,686475
445,Jett Williams,MIL,SS,SS,-30.1,45,126,111,14,2,12,4,1,24,16,5,1,38,33,13,1,0.216,0.301,0.343,0.644,0,702518
446,Bryce Johnson,SD,OF,OF,-30.2,50,125,111,13,2,11,5,1,25,18,5,0,35,35,10,2,0.223,0.296,0.315,0.611,0,669369
447,Braden Montgomery,CHW,OF,OF,-30.2,45,127,114,14,3,13,2,1,26,17,5,1,41,37,11,1,0.226,0.296,0.360,0.656,0,695731
448,Dylan Moore,FA,2B/OF,1B/2B/ SS/3B/OF,-30.3,42,96,83,11,2,9,5,1,17,10,4,0,28,28,10,2,0.202,0.299,0.342,0.641,0,664238
449,Nick Allen,HOU,SS,SS,-30.4,53,131,118,14,1,11,3,1,28,21,5,0,38,26,11,1,0.235,0.301,0.319,0.621,0,669397
450,Robert Hassell III,WSH,OF,OF,-30.4,44,123,112,13,2,12,3,1,26,19,5,0,38,31,9,1,0.235,0.293,0.339,0.632,0,690987
451,Blaine Crim,COL,1B,1B,-30.5,37,95,85,12,3,11,1,0,21,14,4,0,35,22,8,1,0.250,0.318,0.412,0.730,0,688760
452,Adael Amador,COL,2B,2B,-30.5,37,92,81,12,2,10,3,1,20,14,4,0,31,15,9,1,0.250,0.327,0.378,0.705,0,691182
453,Drew Romo,CHW,C,C,-30.6,33,81,74,9,3,9,1,0,17,11,3,0,28,20,5,1,0.228,0.282,0.379,0.661,5,691011
454,Ryan Vilade,TB,OF,OF,-30.8,51,125,112,13,2,13,2,1,26,18,5,0,39,32,11,1,0.229,0.300,0.345,0.645,0,668723
455,Greg Jones,MIL,OF,OF,-30.8,51,123,112,11,3,11,6,2,22,14,4,1,35,50,8,2,0.192,0.253,0.310,0.563,0,675659
456,Austin Slater,NYM,OF,OF,-30.9,54,131,114,15,3,12,2,0,25,17,4,0,38,40,14,1,0.215,0.304,0.330,0.634,0,596103
457,David Fry,CLE,DH,DH,-30.9,60,151,133,16,5,17,1,0,29,18,6,0,50,42,14,2,0.219,0.301,0.375,0.676,0,681807
458,Jesus Rodriguez,SF,C,C,-30.9,30,77,69,9,1,7,2,1,18,14,3,0,25,12,7,1,0.261,0.330,0.360,0.690,0,683679
459,Randal Grichuk,FA,OF,OF,-31.0,42,97,89,11,3,12,0,0,22,13,5,0,36,21,6,1,0.243,0.295,0.409,0.704,0,10243
460,Christian Koss,SF,2B,2B/SS/ 3B,-31.0,49,117,108,12,2,11,2,1,26,18,6,0,38,26,6,2,0.236,0.281,0.346,0.627,0,683766
461,Andy Ibanez,NYM,3B,1B/2B/ 3B,-31.1,49,117,106,12,2,12,2,1,25,17,5,0,37,24,8,1,0.234,0.295,0.350,0.646,0,628451
462,Charlie Condon,COL,1B,1B,-31.1,37,98,86,12,3,11,1,0,21,14,4,0,34,26,9,2,0.241,0.321,0.390,0.711,3,809707
463,Walker Jenkins,MIN,OF,OF,-31.3,39,104,91,12,2,10,2,1,21,15,5,0,32,24,11,1,0.236,0.324,0.358,0.681,0,805805
464,Ryan Waldschmidt,ARI,OF,OF,-31.3,37,98,85,12,2,10,2,1,21,14,4,1,31,24,11,2,0.242,0.334,0.369,0.703,3,814439
465,Mike Tauchman,NYM,OF,OF,-31.4,41,112,95,13,2,11,1,0,22,15,4,0,34,26,14,1,0.232,0.335,0.355,0.690,0,15274
466,Riley Adams,WSH,C,C,-31.4,37,95,86,10,3,10,0,0,18,11,4,0,30,32,7,2,0.208,0.277,0.349,0.626,0,656180
467,Tyler Fitzgerald,LAD,2B,2B,-31.4,39,97,89,11,3,11,3,1,19,12,4,0,33,30,6,1,0.217,0.273,0.369,0.642,0,666149
468,Trey Sweeney,DET,SS,SS,-31.7,46,116,104,12,2,11,2,1,23,15,4,0,35,31,10,1,0.217,0.289,0.338,0.628,0,700242
469,Alex Jackson,MIN,C,C,-31.8,32,78,71,9,3,9,1,0,14,8,3,0,26,25,6,1,0.202,0.266,0.366,0.633,0,656577
470,Nelson Rada,LAA,OF,OF,-31.8,39,104,91,11,1,8,5,1,21,17,3,1,28,25,10,1,0.233,0.315,0.304,0.619,0,703185
471,Nolan Jones,CLE,OF,OF,-31.9,35,95,82,11,3,10,2,1,19,12,4,0,31,29,11,1,0.228,0.322,0.375,0.698,0,666134
472,Zac Veen,COL,OF,OF,-31.9,32,81,73,10,2,9,2,1,18,12,4,0,28,19,7,1,0.247,0.310,0.389,0.699,0,691728
473,Otto Kemp,PHI,3B,1B/3B/ OF,-32.0,39,98,88,11,3,10,2,1,19,12,4,0,32,28,7,3,0.222,0.295,0.364,0.659,0,805249
474,Eric Wagaman,FA,1B/OF,1B/3B/ OF,-32.1,33,84,77,9,2,9,1,0,19,12,4,0,29,19,6,1,0.241,0.296,0.381,0.677,0,676572
475,Jacob Melton,TB,OF,OF,-32.1,31,78,70,8,2,8,5,1,15,9,3,0,24,24,6,1,0.210,0.277,0.345,0.622,0,689200
476,Reese McGuire,FA,C,C,-32.2,31,79,72,9,2,8,1,0,16,11,3,0,24,19,5,1,0.223,0.278,0.337,0.616,0,15674
477,Dylan Carlson,CHC,OF,OF,-32.2,40,99,86,11,2,10,1,0,19,13,4,0,31,24,10,1,0.225,0.315,0.357,0.672,0,666185
478,Jared Young,NYM,DH,1B,-32.2,38,111,98,13,4,13,1,0,23,15,5,1,40,27,11,2,0.238,0.320,0.406,0.725,0,676724
479,Jhostynxon Garcia,PIT,OF,OF,-32.2,37,100,92,11,3,11,1,0,21,14,4,1,34,27,6,1,0.228,0.282,0.366,0.648,0,691373
480,Jeimer Candelario,LAA,3B,1B/3B,-32.3,37,116,105,12,3,12,1,0,22,13,5,0,37,34,9,2,0.206,0.275,0.349,0.624,0,13621
481,Ryan Kreidler,MIN,OF,OF,-32.3,45,113,99,12,2,10,3,1,19,13,4,0,31,36,12,1,0.196,0.286,0.314,0.601,0,668952
482,Juan Brito,CLE,2B,2B,-32.3,39,106,93,11,2,10,1,0,21,14,5,0,33,22,11,1,0.226,0.312,0.358,0.670,0,682877
483,Christian Encarnacion-Strand,BAL,1B,1B/3B,-32.4,30,77,71,9,3,10,0,0,17,10,3,0,30,21,4,1,0.238,0.284,0.417,0.701,0,687952
484,Aidan Miller,PHI,SS,SS,-32.4,33,83,72,9,2,8,4,1,16,11,4,0,25,22,9,1,0.222,0.310,0.343,0.652,0,805795
485,Andrew Knizner,COL,C,C,-32.5,27,65,58,8,1,7,0,0,14,10,3,0,21,13,5,1,0.241,0.313,0.368,0.681,0,668800
486,John Rave,KC,OF,OF,-32.5,32,82,73,9,2,9,3,1,17,11,3,0,27,21,8,1,0.227,0.302,0.367,0.669,0,670231
487,Orlando Arcia,MIN,2B/SS/ 3B,2B/SS/ 3B,-32.6,36,94,85,10,2,10,1,0,19,13,4,0,31,21,7,1,0.227,0.288,0.361,0.649,0,13185
488,Sam Huff,FA,C,C,-32.6,33,85,77,9,2,8,0,0,16,10,3,0,26,30,6,1,0.201,0.261,0.334,0.595,0,669087
489,Orelvis Martinez,WSH,2B,2B,-32.7,39,103,92,11,3,11,1,0,19,11,4,0,33,29,8,1,0.201,0.274,0.360,0.634,0,682619
490,Jhonny Pereda,SEA,C,C,-32.8,33,75,66,8,1,7,0,0,15,11,3,0,22,19,8,1,0.233,0.314,0.331,0.645,0,640902
491,Jared Oliva,SF,OF,OF,-32.8,30,72,66,8,1,7,5,1,15,10,3,1,22,17,5,1,0.226,0.285,0.338,0.623,0,666931
492,Daniel Johnson,HOU,OF,OF,-32.8,33,83,76,9,2,9,2,1,17,11,4,0,28,21,5,1,0.226,0.277,0.371,0.648,0,669288
493,Ryan Ward,LAD,OF,OF,-32.8,26,77,70,9,3,9,1,0,15,9,3,0,28,20,6,0,0.221,0.285,0.399,0.684,0,669899
494,Patrick Wisdom,SEA,1B,1B,-32.9,30,73,65,9,4,10,1,0,13,7,2,0,27,25,6,1,0.198,0.274,0.419,0.693,0,13602
495,James Triantos,CHC,2B,2B,-32.9,30,76,70,8,1,7,3,1,17,13,3,0,24,12,4,1,0.246,0.291,0.344,0.635,0,701649
496,Cesar Salazar,HOU,C,C,-33.0,32,78,68,9,2,7,1,0,14,9,3,0,21,18,7,2,0.201,0.294,0.313,0.607,0,663967
497,Gabriel Gonzalez,MIN,OF,OF,-33.0,31,78,71,9,2,9,1,0,18,12,4,0,28,15,5,1,0.248,0.303,0.387,0.691,0,694224
498,Eric Haase,SF,C,C,-33.1,33,74,68,8,2,7,1,0,14,10,3,0,22,24,5,1,0.207,0.265,0.331,0.596,0,606992
499,Chas McCormick,CHC,OF,OF,-33.1,30,75,66,9,2,8,2,1,15,11,3,0,24,20,7,1,0.228,0.306,0.361,0.667,0,676801
500,Korey Lee,CHW,C,C,-33.1,26,63,58,6,2,7,1,0,12,8,2,0,20,18,4,1,0.207,0.257,0.344,0.601,0,686676
501,Kristian Campbell,BOS,2B,2B/OF,-33.1,32,82,71,9,2,8,1,0,17,12,3,0,26,22,9,1,0.244,0.331,0.369,0.699,0,692225
502,Sebastian Rivero,LAA,C,C,-33.2,33,76,71,7,1,7,1,0,15,11,3,0,23,17,4,1,0.218,0.261,0.326,0.587,0,665861
503,Nicky Lopez,CHC,3B,2B/SS,-33.2,42,102,91,11,0,8,2,1,22,17,4,1,28,17,9,1,0.244,0.317,0.312,0.629,0,670032
504,Kyren Paris,LAA,OF,2B/OF,-33.2,32,80,70,9,2,8,3,1,14,9,3,1,24,26,8,1,0.202,0.287,0.346,0.633,0,677347
505,Jarred Kelenic,CHW,OF,OF,-33.3,33,76,68,9,2,8,2,1,15,9,3,0,26,23,7,0,0.215,0.286,0.374,0.660,0,672284
506,Shay Whitcomb,HOU,2B,2B/3B,-33.3,33,75,68,8,3,9,2,1,15,9,3,0,26,23,5,1,0.213,0.274,0.373,0.647,0,694376
507,Luke Maile,KC,C,C,-33.4,26,64,56,7,1,6,1,0,12,9,3,0,19,18,6,1,0.220,0.305,0.332,0.637,0,13355
508,Weston Wilson,BAL,OF,2B/OF,-33.4,32,73,65,8,2,8,2,1,14,9,3,0,24,21,7,1,0.218,0.296,0.365,0.661,0,642215
509,Chadwick Tromp,ATL,C,C,-33.5,31,76,69,8,2,7,1,0,14,10,3,0,22,20,6,1,0.204,0.266,0.315,0.582,0,644433
510,Oswaldo Cabrera,NYY,3B,3B,-33.5,31,78,70,9,2,8,1,0,16,11,3,0,26,18,7,1,0.228,0.297,0.369,0.666,0,665828
511,Jose Miranda,SD,3B,1B/3B,-33.5,32,80,74,9,2,9,0,0,18,12,3,0,28,16,5,1,0.239,0.289,0.378,0.667,0,669304
512,Jonathon Long,CHC,1B,1B,-33.5,30,77,68,9,2,8,0,0,17,12,3,0,26,18,7,1,0.245,0.323,0.378,0.701,0,675085
513,Emmanuel Rodriguez,MIN,OF,OF,-33.5,32,82,68,10,2,8,2,1,14,9,3,0,24,28,12,1,0.207,0.332,0.353,0.686,0,691181
514,Kyle Farmer,ATL,2B,2B,-33.6,41,94,86,10,2,9,1,0,19,13,4,0,29,22,6,1,0.225,0.284,0.342,0.626,0,14813
515,Vimael Machin,COL,3B,3B,-33.8,27,66,59,8,1,7,1,0,15,11,3,0,23,12,6,0,0.260,0.329,0.388,0.717,0,605353
516,Tre’ Morgan,TB,1B,1B,-33.8,30,76,66,9,2,8,1,0,16,11,3,0,24,17,8,1,0.236,0.320,0.361,0.681,0,691003
517,Blake Dunn,CIN,OF,OF,-33.8,33,78,69,9,1,7,2,1,16,11,3,0,23,22,7,2,0.230,0.311,0.338,0.649,0,694362
518,Jose Azocar,ATL,OF,OF,-33.9,33,74,69,8,1,7,3,1,16,12,3,0,23,16,4,1,0.234,0.281,0.332,0.612,0,640492
519,Justyn-Henry Malloy,TB,OF,OF,-33.9,32,84,71,10,2,8,1,0,15,10,3,0,25,25,11,1,0.216,0.330,0.351,0.681,0,669234
520,Braden Shewmake,HOU,SS,SS,-33.9,33,84,77,9,2,8,2,1,17,11,4,0,26,17,5,1,0.217,0.269,0.338,0.606,0,669699
521,Gustavo Campero,LAA,OF,OF,-33.9,26,63,56,7,2,7,2,1,13,9,3,0,21,13,5,1,0.235,0.310,0.376,0.686,0,672569
522,Jimmy Crooks,STL,C,C,-33.9,21,49,44,6,1,5,0,0,10,7,2,0,16,14,4,1,0.227,0.290,0.364,0.654,0,699625
523,Vidal Brujan,NYM,3B,SS/3B/ OF,-34.0,32,79,71,8,1,7,2,1,16,11,3,0,23,16,7,1,0.226,0.297,0.331,0.628,0,660644
524,Billy Cook,PIT,OF,OF,-34.0,33,75,68,8,2,8,2,1,15,10,3,0,24,21,5,1,0.221,0.282,0.347,0.629,0,695257
525,Chris Taylor,LAA,OF,OF,-34.1,34,89,79,9,2,8,2,0,17,11,4,0,26,29,8,1,0.209,0.291,0.328,0.619,0,13757
526,Akil Baddoo,MIL,OF,OF,-34.1,29,69,60,8,2,7,2,1,13,8,3,0,22,20,8,0,0.214,0.301,0.361,0.662,0,668731
527,Michael Helman,TEX,OF,OF,-34.1,32,79,72,8,2,8,2,1,15,10,3,0,25,20,5,1,0.210,0.268,0.341,0.609,0,680737
528,Junior Perez,ATH,OF,OF,-34.2,30,76,68,8,2,8,2,1,14,8,3,0,24,25,7,1,0.202,0.278,0.348,0.626,0,678577
529,Yohandy Morales,WSH,3B,3B,-34.2,30,77,70,8,2,8,1,0,16,11,3,0,25,23,6,1,0.232,0.294,0.361,0.655,0,691002
530,Jeferson Quero,MIL,C,C,-34.2,21,52,47,6,1,5,0,0,10,7,2,0,16,12,4,1,0.217,0.284,0.347,0.630,0,691620
531,Tom Murphy,FA,C,C,-34.3,17,43,38,5,1,5,1,0,8,6,2,0,14,12,4,0,0.219,0.290,0.363,0.654,0,13499
532,Max Schuemann,NYY,2B/SS/ 3B,2B/SS/ 3B/OF,-34.4,33,78,67,9,1,7,2,1,15,11,3,0,21,18,9,1,0.217,0.313,0.318,0.630,0,680474
533,Brian Navarreto,MIA,C,C,-34.5,21,50,46,5,1,5,1,0,10,7,2,0,15,13,3,1,0.214,0.268,0.334,0.602,0,640459
534,Petey Halpin,CLE,OF,OF,-34.5,33,84,76,9,2,8,2,1,16,11,3,0,25,24,6,1,0.213,0.274,0.329,0.602,0,690984
535,Nacho Alvarez Jr.,ATL,3B,3B,-34.5,31,77,68,8,1,7,1,0,16,11,3,0,23,17,7,1,0.233,0.309,0.336,0.645,0,805373
536,Hayden Senger,NYM,C,C,-34.6,26,60,55,6,1,5,1,0,11,8,2,0,17,19,4,1,0.199,0.253,0.307,0.559,0,663584
537,Nate Eaton,BOS,OF,3B/OF,-34.6,26,62,57,7,1,6,2,1,13,9,3,0,20,16,4,1,0.232,0.287,0.356,0.643,0,681987
538,Nathan Hickey,BOS,C,C,-34.7,21,51,45,6,1,5,0,0,9,6,2,0,15,15,5,0,0.203,0.286,0.338,0.624,0,687208
539,Carson Taylor,SEA,C,C,-34.7,21,52,45,6,1,5,0,0,9,7,2,0,15,14,6,1,0.207,0.297,0.319,0.616,0,694930
540,Eloy Jimenez,FA,DH,OF,-34.8,41,98,89,10,3,11,0,0,22,16,4,0,34,21,8,1,0.248,0.308,0.380,0.688,0,650391
541,Jair Camargo,ATL,C,C,-34.8,21,51,47,5,1,5,0,0,9,6,2,0,15,18,3,1,0.198,0.246,0.323,0.570,0,665856
542,Dom Keegan,TB,C,C,-34.8,21,51,45,5,1,5,0,0,9,6,2,0,15,16,5,1,0.200,0.280,0.327,0.607,0,681371
543,Sterlin Thompson,COL,OF,OF,-34.8,21,52,46,6,1,6,1,0,12,8,2,0,19,12,4,1,0.258,0.330,0.407,0.736,0,694514
544,Ryan Bliss,SEA,2B,2B,-34.9,26,64,58,7,1,6,3,1,12,8,3,0,19,18,5,1,0.207,0.276,0.327,0.603,0,669208
545,Eduardo Valencia,DET,C,C,-34.9,16,39,35,4,1,4,0,0,8,5,1,0,13,10,3,0,0.224,0.288,0.360,0.648,0,680664
546,Mickey Gasper,BOS,C,C,-34.9,15,35,30,4,1,4,0,0,7,5,2,0,11,7,4,1,0.238,0.333,0.371,0.704,0,681508
547,Spencer Jones,NYY,OF,OF,-34.9,21,52,47,6,2,6,2,1,10,6,2,0,19,20,4,0,0.213,0.279,0.394,0.673,1,682987
548,Matthew Lugo,LAA,OF,OF,-34.9,27,66,61,7,2,7,1,0,13,9,3,0,22,20,4,1,0.222,0.276,0.367,0.642,0,683090
549,Connor Joe,SEA,OF,1B/OF,-35.0,32,73,64,8,2,7,1,0,14,9,3,0,22,18,8,1,0.217,0.310,0.346,0.656,0,656582
550,Kyle McCann,COL,C,C,-35.0,15,35,31,4,1,4,0,0,7,4,1,0,12,11,3,0,0.216,0.287,0.367,0.653,0,668832
551,Maverick Handley,BAL,C,C,-35.0,25,57,50,6,1,5,1,0,10,7,2,0,14,16,6,1,0.196,0.284,0.288,0.572,0,668974
552,Mason McCoy,SD,SS,SS,-35.0,31,76,69,8,1,7,2,1,14,10,3,0,22,23,6,1,0.206,0.270,0.318,0.588,0,669200
553,Jacob Stallings,FA,C,C,-35.1,23,58,52,6,1,5,0,0,10,7,2,0,15,16,5,1,0.200,0.279,0.299,0.578,0,13723
554,Rowdy Tellez,ATL,1B,1B,-35.1,21,53,48,6,2,7,0,0,11,7,2,0,19,14,5,0,0.227,0.297,0.408,0.704,0,15679
555,Aramis Garcia,ARI,C,C,-35.1,23,53,48,5,1,5,0,0,9,6,2,0,15,17,4,1,0.190,0.259,0.306,0.565,0,16925
556,Rodolfo Duran,SD,C,C,-35.1,16,39,36,4,1,4,0,0,8,5,2,0,13,10,2,0,0.217,0.271,0.357,0.627,0,660710
557,Josh Rojas,KC,2B/3B,2B/3B,-35.1,26,65,58,7,1,6,1,0,14,10,3,0,20,14,6,0,0.240,0.312,0.349,0.661,0,668942
558,Paul DeJong,FA,3B,2B/SS/ 3B,-35.2,26,66,60,7,2,7,1,0,12,8,2,0,22,20,5,1,0.205,0.267,0.360,0.627,0,657557
559,Grant McCray,SF,OF,OF,-35.2,27,66,59,7,1,6,2,0,13,8,3,0,20,20,6,1,0.213,0.284,0.341,0.625,0,687529
560,Thairo Estrada,FA,2B,2B,-35.3,22,54,50,6,1,6,1,0,12,9,2,0,19,11,3,1,0.243,0.287,0.370,0.657,0,642731
561,Bryan Torres,STL,OF,OF,-35.4,21,51,44,6,1,5,2,1,12,9,2,0,16,9,6,0,0.264,0.349,0.350,0.699,0,663494
562,Nick Madrigal,LAA,3B,3B,-35.4,26,63,57,7,0,6,1,0,15,11,3,0,20,7,4,1,0.258,0.317,0.343,0.660,0,663611
563,Miles Mastrobuoni,SEA,3B/OF,2B/3B/ OF,-35.4,21,49,43,5,1,4,2,0,10,7,2,0,14,10,5,0,0.235,0.317,0.327,0.645,0,670156
564,A.J. Vukovich,ARI,OF,OF,-35.4,21,52,48,6,2,6,0,0,12,8,2,0,19,15,4,0,0.244,0.297,0.400,0.696,0,691021
565,Yanquiel Fernandez,NYY,OF,OF,-35.4,21,51,47,6,2,6,0,0,11,7,2,0,19,11,3,0,0.236,0.283,0.403,0.686,0,692585
566,Alex Verdugo,SD,OF,OF,-35.5,21,55,49,6,1,6,0,0,12,9,3,0,19,9,5,0,0.251,0.316,0.374,0.690,0,657077
567,Endy Rodriguez,PIT,1B,C/1B,-35.5,25,62,55,7,1,6,0,0,13,9,3,0,20,13,6,1,0.235,0.308,0.362,0.670,0,682848
568,Charles McAdoo,TOR,3B,3B,-35.5,21,52,47,6,1,6,2,1,10,7,2,0,17,14,4,0,0.222,0.285,0.366,0.651,0,807727
569,Anthony Rendon,LAA,3B,3B,-35.6,25,60,52,7,1,6,1,0,12,8,2,0,18,11,6,1,0.228,0.318,0.338,0.657,0,12861
570,Matt Thaiss,BOS,C,C,-35.6,15,34,29,4,1,3,0,0,6,4,1,0,10,9,4,0,0.223,0.331,0.340,0.671,0,642136
571,Logan Driscoll,TB,C,C,-35.6,15,34,31,4,1,3,0,0,7,5,2,0,11,9,2,0,0.219,0.281,0.340,0.620,0,686482
572,Denzer Guzman,LAA,SS,SS,-35.6,27,66,60,7,2,6,1,0,13,9,3,0,20,19,5,1,0.216,0.279,0.338,0.616,0,694203
573,Tommy Pham,FA,OF,OF,-35.7,24,54,48,6,1,5,1,0,11,8,2,0,18,13,5,0,0.237,0.313,0.366,0.679,0,2967
574,Shane McGuire,ATH,C,C,-35.7,16,38,33,4,1,3,1,0,7,5,1,0,10,10,4,0,0.209,0.303,0.301,0.604,0,676063
575,Chad Stevens,COL,2B,2B,-35.7,21,50,45,6,1,5,1,0,11,8,2,0,17,14,4,1,0.246,0.306,0.374,0.680,0,677060
576,Jose Herrera,TEX,C,C,-35.8,16,36,31,4,1,3,0,0,7,5,1,0,10,9,4,0,0.210,0.297,0.303,0.600,0,645444
577,Luis Lara,MIL,OF,OF,-35.8,21,52,46,6,1,5,2,1,11,8,2,0,15,10,5,1,0.233,0.315,0.328,0.643,0,800325
578,Jon Berti,FA,3B,3B,-35.9,18,42,38,5,1,4,2,1,10,7,2,0,13,9,3,1,0.251,0.312,0.346,0.659,0,12037
579,Luke Williams,ATL,SS,SS,-35.9,23,53,48,5,1,5,3,1,10,7,2,0,15,16,4,1,0.207,0.268,0.312,0.580,0,663897
580,Tirso Ornelas,SD,OF,OF,-35.9,21,52,47,6,1,6,1,0,11,7,2,0,17,11,5,0,0.237,0.306,0.371,0.677,0,672359
581,Heston Kjerstad,BAL,OF,OF,-35.9,21,49,44,6,2,6,0,0,10,7,2,0,17,13,3,1,0.231,0.295,0.390,0.685,0,677008
582,William Bergolla Jr.,CHW,SS,SS,-35.9,21,52,48,5,0,4,2,1,12,10,2,0,15,5,4,0,0.256,0.309,0.321,0.631,0,703151
583,Luis Urias,ARI,2B,2B/3B,-36.0,21,51,44,6,1,5,0,0,10,7,2,0,16,10,5,1,0.235,0.327,0.364,0.691,0,649966
584,Ben Rortvedt,NYM,C,C,-36.0,15,34,30,4,1,3,0,0,6,4,1,0,9,9,3,0,0.203,0.289,0.307,0.596,0,666163
585,Raynel Delgado,TB,2B,2B,-36.0,21,52,47,5,1,4,2,1,11,8,2,0,15,13,4,1,0.223,0.287,0.310,0.597,0,669384
586,Zack Short,DET,SS,SS,-36.0,33,77,66,8,2,7,1,0,12,8,3,0,20,22,9,1,0.187,0.290,0.297,0.587,0,670097
587,Tommy Troy,ARI,2B,2B,-36.0,21,52,47,6,1,5,1,0,11,8,2,0,17,12,4,1,0.243,0.312,0.356,0.668,0,694371
588,Oscar Mercado,PHI,OF,OF,-36.1,21,50,44,5,1,5,2,1,9,6,2,0,15,11,4,1,0.209,0.286,0.328,0.614,0,640458
589,Seby Zavala,LAD,C,C,-36.1,15,33,29,3,1,3,0,0,5,3,1,0,9,12,3,0,0.181,0.259,0.314,0.572,0,664874
590,Will Banfield,CIN,C,C,-36.1,15,34,32,3,1,3,0,0,7,4,1,0,10,10,2,0,0.206,0.251,0.317,0.568,0,677943
591,Jacob Berry,MIA,3B,3B,-36.1,21,52,47,5,1,5,2,1,11,7,2,0,16,11,4,1,0.226,0.292,0.335,0.627,0,694351
592,Dylan O’Rae,MIL,2B,2B,-36.1,21,52,45,5,0,4,3,1,10,7,2,0,13,13,6,1,0.218,0.313,0.295,0.609,0,802506
593,Max Kepler,FA,OF,OF,-36.2,18,45,40,5,1,5,0,0,9,6,2,0,16,9,4,1,0.235,0.315,0.391,0.707,0,12144
594,Garrett Hampson,CIN,OF,2B/SS/ OF,-36.2,27,65,58,6,1,5,2,1,13,9,3,0,17,18,6,1,0.216,0.286,0.296,0.582,0,641658
595,Victor Bericoto,SF,OF,OF,-36.2,21,52,48,6,1,5,0,0,11,8,2,0,17,13,3,0,0.235,0.285,0.362,0.647,0,682674
596,Edwin Arroyo,CIN,SS,SS,-36.2,21,52,48,6,1,5,1,0,12,8,2,0,17,11,3,1,0.243,0.297,0.352,0.649,0,695490
597,Rainiel Rodriguez,STL,C,C,-36.2,11,27,24,3,1,3,0,0,5,3,1,0,8,7,2,0,0.201,0.280,0.323,0.603,0,823787
598,Carlos Perez,HOU,1B,1B,-36.3,21,50,45,6,2,6,0,0,10,6,2,0,17,11,4,1,0.212,0.281,0.376,0.657,0,10642
599,Austin Barnes,FA,C,C,-36.3,11,25,22,3,0,2,0,0,5,4,1,0,7,6,2,0,0.214,0.287,0.311,0.598,0,12158
600,Wilmer Flores,FA,1B,1B,-36.3,18,43,38,5,1,5,0,0,9,6,2,0,15,8,4,1,0.234,0.308,0.391,0.700,0,5827
601,Luis Vazquez,BAL,3B,3B,-36.3,21,51,47,6,1,5,1,0,11,7,2,0,16,13,3,1,0.228,0.286,0.350,0.636,0,676679
602,Nick Sogard,BOS,1B,1B/2B/ 3B,-36.3,21,52,45,6,1,5,1,0,11,8,2,0,15,12,6,0,0.238,0.328,0.335,0.663,0,686765
603,Jace Jung,DET,3B,3B,-36.3,26,59,51,7,1,6,0,0,11,7,3,0,17,16,7,0,0.213,0.313,0.344,0.656,0,690291
604,Rafael Flores Jr.,PIT,1B,1B,-36.3,21,51,46,6,1,5,0,0,11,7,2,0,17,14,4,0,0.231,0.299,0.361,0.660,0,804668
605,Donovan Walton,LAA,2B,2B,-36.4,21,51,45,6,1,5,0,0,10,7,2,0,16,9,4,1,0.229,0.302,0.343,0.645,0,622268
606,Brendan Rodgers,BOS,2B,2B,-36.4,20,50,45,5,1,5,0,0,11,7,2,0,16,13,4,1,0.237,0.299,0.362,0.661,0,663898
607,Will Wilson,SEA,2B,2B/3B,-36.4,28,68,62,7,2,6,1,0,12,8,2,0,19,19,5,1,0.197,0.260,0.313,0.573,0,669717
608,Dairon Blanco,TEX,OF,OF,-36.4,14,32,29,4,1,3,2,1,7,5,1,0,10,8,2,1,0.233,0.293,0.351,0.644,0,680118
609,Christian Franklin,WSH,OF,OF,-36.4,21,52,45,6,1,5,1,0,10,7,2,0,15,14,6,1,0.223,0.317,0.327,0.644,0,681047
610,Maximo Acosta,MIA,3B,2B/SS/ 3B,-36.4,18,42,38,5,1,4,2,1,9,6,2,0,13,11,3,0,0.225,0.286,0.344,0.630,0,691185
611,Allan Castro,BOS,OF,OF,-36.4,21,52,47,6,1,5,1,0,10,7,2,0,16,13,5,0,0.221,0.292,0.344,0.636,0,691369
612,Marco Dinges,MIL,C,C,-36.4,11,26,23,3,1,2,0,0,5,3,1,0,7,7,3,0,0.197,0.282,0.316,0.597,0,701392
613,Dakota Harris,STL,SS,SS,-36.4,21,51,47,5,1,5,1,0,11,8,2,0,15,11,3,1,0.227,0.276,0.326,0.602,0,703766
614,Mark Canha,FA,OF,OF,-36.5,20,49,43,5,1,5,1,0,10,7,2,0,15,10,5,1,0.236,0.322,0.351,0.672,0,11445
615,CJ Alexander,HOU,3B,3B,-36.5,21,51,47,6,2,6,0,0,10,6,2,0,17,16,3,0,0.209,0.264,0.362,0.626,0,680769
616,Peyton Wilson,KC,2B,2B,-36.5,21,52,46,5,1,5,1,0,11,7,2,0,15,14,5,1,0.225,0.298,0.328,0.627,0,686523
617,Gavin Cross,KC,OF,OF,-36.5,21,51,47,5,1,5,1,0,10,6,2,0,16,15,3,1,0.208,0.263,0.333,0.596,0,688457
618,Cooper Ingle,CLE,C,C,-36.5,8,17,14,2,0,2,0,0,3,2,1,0,5,4,2,0,0.234,0.348,0.367,0.715,0,694876
619,Hector Rodriguez,CIN,OF,OF,-36.5,16,38,35,4,1,4,1,0,9,6,2,0,14,7,2,0,0.247,0.296,0.396,0.692,0,699302
620,Josue Briceno,DET,C,C,-36.5,8,18,16,2,1,2,0,0,4,2,1,0,6,4,2,0,0.225,0.311,0.367,0.678,0,800522
621,Mike Boeve,MIL,3B,3B,-36.5,21,52,46,6,1,5,1,0,10,7,2,0,16,14,5,1,0.224,0.298,0.336,0.634,0,801670
622,Cooper Pratt,MIL,SS,SS,-36.5,21,52,46,5,1,5,2,1,10,7,2,0,14,10,5,1,0.218,0.300,0.314,0.615,0,806198
623,Jose Iglesias,FA,2B/SS/3B,2B/SS/3B,-36.6,18,45,41,5,1,4,1,0,11,8,2,0,15,8,3,1,0.255,0.305,0.350,0.656,0,10231
624,Justin Turner,FA,1B,1B,-36.6,18,44,39,5,1,5,0,0,10,7,2,0,14,9,4,1,0.244,0.324,0.367,0.691,0,5235
625,Dasan Brown,MIL,OF,OF,-36.6,21,51,45,5,1,4,2,1,9,6,2,0,14,15,5,1,0.198,0.276,0.298,0.574,0,672018
626,Jesus Valdez,ARI,SS,SS,-36.6,23,56,52,6,1,5,1,0,11,8,2,0,17,16,3,1,0.217,0.265,0.331,0.595,0,678232
627,Ben Gamel,ATL,OF,OF,-36.7,21,51,44,6,1,5,1,0,9,6,2,0,15,16,6,0,0.213,0.305,0.340,0.646,0,12160
628,Ali Sanchez,NYY,C,C,-36.7,8,17,15,2,0,2,0,0,3,2,1,0,5,4,1,0,0.223,0.284,0.337,0.620,0,645305
629,Rene Pinto,PHI,C,C,-36.7,8,17,16,2,1,2,0,0,3,2,1,0,6,6,1,0,0.204,0.252,0.357,0.610,0,650907
630,P.J. Higgins,CIN,1B,1B,-36.7,26,59,54,6,1,5,0,0,12,8,2,0,17,15,4,1,0.221,0.281,0.323,0.604,0,664731
631,Matt Mervis,FA,1B,1B,-36.7,18,44,39,5,2,5,0,0,8,5,2,0,15,14,4,1,0.206,0.280,0.377,0.657,0,670223
632,Ramon Mendoza,STL,2B,2B,-36.7,21,52,46,6,1,5,0,0,11,7,2,0,16,12,5,1,0.227,0.303,0.335,0.638,0,680636
633,Willie MacIver,TOR,C,C,-36.7,8,17,15,2,0,2,0,0,3,2,1,0,5,5,1,0,0.216,0.286,0.340,0.626,0,680862
634,Luca Tresh,KC,C,C,-36.7,8,17,16,2,0,2,0,0,4,2,1,0,6,4,1,0,0.223,0.281,0.360,0.642,0,681123
635,Paul McIntosh,PHI,C,C,-36.7,8,17,15,2,0,2,0,0,3,2,1,0,5,4,2,0,0.210,0.289,0.337,0.626,0,682192
636,Kenedy Corona,NYY,OF,OF,-36.7,21,51,46,5,1,5,1,0,9,6,2,0,14,14,4,1,0.203,0.272,0.314,0.586,0,685744
637,Collin Price,HOU,C,C,-36.7,8,19,17,2,1,2,0,0,3,2,1,0,6,6,2,0,0.192,0.266,0.327,0.593,0,805672
638,Scott Kingery,CHC,2B,2B,-36.8,23,54,50,5,1,5,1,0,10,7,2,0,16,16,4,0,0.206,0.260,0.322,0.582,0,664068
639,Blake Sabol,TB,C,C/OF,-36.8,8,17,15,2,0,2,0,0,3,2,1,0,5,6,2,0,0.200,0.277,0.324,0.601,0,666165
640,Rafael Lantigua,TOR,2B,2B,-36.8,21,52,45,6,1,4,1,0,10,7,2,0,14,11,6,0,0.222,0.312,0.315,0.627,0,672463
641,Eliezer Alfonzo,LAD,C,C,-36.8,8,17,16,2,0,2,0,0,4,3,1,0,5,2,1,0,0.233,0.288,0.333,0.621,0,672613
642,Anthony Seigler,BOS,3B,3B,-36.8,18,42,36,5,1,4,1,0,8,5,2,0,12,10,5,0,0.219,0.321,0.342,0.663,0,678011
643,Jhonkensy Noel,BAL,OF,1B/OF,-36.8,15,35,32,4,2,5,0,0,7,4,1,0,13,10,2,0,0.220,0.274,0.412,0.687,0,678877
644,Gabriel Rincones Jr.,PHI,OF,OF,-36.8,16,38,33,4,1,4,1,0,7,5,2,0,12,10,4,0,0.215,0.303,0.364,0.667,0,687282
645,Jake Holton,SF,1B,1B,-36.8,21,52,46,6,1,5,0,0,10,7,2,0,16,14,5,1,0.214,0.297,0.337,0.634,0,687724
646,Andrew Pintar,MIA,OF,OF,-36.8,21,51,46,5,1,4,2,0,10,7,2,0,14,15,4,0,0.215,0.278,0.308,0.587,0,801464
647,Tomas Nido,DET,C,C,-36.9,8,16,15,2,0,2,0,0,3,2,1,0,5,4,1,0,0.220,0.263,0.317,0.580,0,621512
648,Jack Suwinski,LAD,OF,OF,-36.9,14,34,29,4,1,4,1,0,6,4,1,0,12,11,4,0,0.212,0.308,0.403,0.711,0,669261
649,Jonatan Clase,TOR,OF,OF,-36.9,15,35,31,4,1,3,2,1,7,5,2,0,11,10,3,0,0.219,0.290,0.344,0.635,0,682729
650,Rhylan Thomas,FA,OF,OF,-36.9,15,35,32,4,0,3,1,0,9,7,1,0,11,4,2,0,0.266,0.316,0.353,0.669,0,689041
651,Blaze Jordan,STL,3B,3B,-36.9,15,36,33,4,1,4,0,0,8,6,2,0,13,5,2,0,0.248,0.294,0.390,0.684,0,691458
652,Jason Delay,BOS,C,C,-37.0,8,17,15,2,0,1,0,0,3,2,1,0,5,4,1,0,0.212,0.276,0.296,0.572,0,641511
653,Chuckie Robinson,LAD,C,C,-37.0,8,17,16,2,0,2,0,0,3,2,1,0,5,5,1,0,0.212,0.262,0.315,0.577,0,642020
654,Samad Taylor,SD,OF,OF,-37.0,15,34,30,4,1,3,1,0,7,5,1,0,11,8,3,0,0.235,0.308,0.354,0.662,0,669392
655,Michael Siani,LAD,OF,OF,-37.0,21,50,45,5,1,4,2,1,9,6,2,0,13,14,5,0,0.199,0.274,0.290,0.564,0,672279
656,Wander Franco,TB,DH,SS,-37.0,20,48,43,6,1,6,2,1,12,7,3,0,19,7,4,0,0.270,0.338,0.441,0.779,0,677551
657,Christian Cairo,PHI,2B,2B,-37.0,21,51,44,5,0,4,2,1,9,7,2,0,13,13,5,1,0.210,0.300,0.288,0.588,0,686551
658,Max Anderson,DET,2B,2B,-37.0,16,38,35,4,1,4,0,0,9,6,2,0,13,7,2,0,0.251,0.295,0.374,0.669,0,801194
659,Kristian Robinson,ARI,OF,OF,-37.1,16,38,33,4,1,4,1,0,7,5,1,0,12,12,4,0,0.218,0.305,0.350,0.654,0,677565
660,Kahlil Watson,CLE,SS,SS,-37.1,16,38,34,4,1,4,1,0,7,4,1,0,12,12,4,0,0.206,0.287,0.352,0.639,0,696135
661,DJ LeMahieu,FA,2B,2B,-37.1,17,40,35,5,1,4,0,0,9,7,1,0,12,8,4,0,0.245,0.324,0.348,0.672,0,9874
662,Jorge Alfaro,KC,C,C,-37.2,4,9,8,1,0,1,0,0,2,1,0,0,3,3,0,0,0.220,0.262,0.343,0.605,0,12180
663,Manuel Margot,FA,OF,OF,-37.2,18,43,39,4,1,4,1,0,9,7,2,0,13,8,3,1,0.238,0.295,0.332,0.627,0,14712
664,Brian Serven,ATH,C,C,-37.2,8,17,15,2,0,1,0,0,3,2,1,0,4,5,1,0,0.187,0.263,0.285,0.548,0,661531
665,Victor Mesa Jr.,TB,OF,OF,-37.2,15,35,32,4,1,4,1,0,7,5,2,0,12,8,3,0,0.234,0.295,0.374,0.669,0,683748
666,Nathan Martorella,MIA,1B,1B,-37.2,21,51,46,5,1,5,1,0,9,6,2,0,15,12,5,0,0.197,0.273,0.319,0.592,0,687210
667,Pedro Leon,PHI,OF,OF,-37.2,15,35,31,4,1,4,1,0,7,4,1,0,11,11,3,1,0.211,0.279,0.352,0.631,0,694175
668,Kemp Alderman,MIA,OF,OF,-37.2,15,35,32,4,1,4,1,0,7,5,1,0,12,10,2,0,0.231,0.282,0.369,0.651,0,694580
669,Ethan Salas,SD,C,C,-37.2,4,9,8,1,0,1,0,0,2,1,0,0,3,2,1,0,0.214,0.281,0.338,0.620,0,806956
670,Leo De Vries,ATH,SS,SS,-37.2,16,38,34,4,1,4,1,0,8,5,2,0,12,10,3,0,0.224,0.298,0.360,0.658,0,815888
671,Logan Davidson,TB,1B,1B,-37.3,21,52,46,5,1,5,1,0,9,6,2,0,15,18,5,1,0.196,0.274,0.314,0.589,0,669722
672,Matthew Wood,MIL,C,C,-37.3,4,9,8,1,0,1,0,0,2,1,0,0,3,2,1,0,0.215,0.312,0.323,0.635,0,687783
673,Matt Koperniak,STL,OF,OF,-37.3,16,38,35,4,1,4,0,0,8,6,1,0,12,8,3,0,0.234,0.291,0.348,0.639,0,689288
674,Leo Bernal,STL,C,C,-37.3,4,9,8,1,0,1,0,0,2,1,0,0,3,2,1,0,0.219,0.288,0.331,0.618,0,699024
675,Dom Nunez,CLE,C,C,-37.4,8,18,16,2,0,1,0,0,3,2,1,0,4,6,2,0,0.164,0.265,0.266,0.532,0,15055
676,Trey Cabbage,FA,OF,OF,-37.4,13,30,27,3,1,3,1,0,6,4,1,0,11,10,2,0,0.228,0.281,0.383,0.664,0,663550
677,Dominic Fletcher,PIT,OF,OF,-37.4,16,37,34,4,1,4,0,0,8,5,2,0,12,8,2,0,0.236,0.291,0.360,0.651,0,666150
678,Blake Hunt,SD,C,C,-37.4,4,9,8,1,0,1,0,0,2,1,0,0,3,2,1,0,0.207,0.271,0.334,0.605,0,675448
679,Kevin Alcantara,CHC,OF,OF,-37.4,15,34,31,4,1,4,1,0,7,4,1,0,11,11,3,0,0.222,0.284,0.370,0.654,0,682634
680,Nick Raposo,SEA,C,C,-37.4,4,9,8,1,0,1,0,0,2,1,0,0,2,2,1,0,0.203,0.267,0.300,0.567,0,695596
681,Thayron Liranzo,DET,C,C,-37.4,4,9,8,1,0,1,0,0,2,1,0,0,3,3,1,0,0.199,0.282,0.321,0.603,0,699073
682,Caleb Lomavita,WSH,C,C,-37.4,4,9,8,1,0,1,0,0,2,1,0,0,3,2,1,0,0.224,0.274,0.327,0.601,0,701616
683,Stuart Fairchild,CLE,OF,OF,-37.5,14,32,28,4,1,3,1,0,6,4,1,0,10,9,3,1,0.223,0.301,0.360,0.661,0,656413
684,Kameron Misner,KC,OF,OF,-37.5,15,35,31,4,1,3,1,0,6,4,2,0,11,11,4,0,0.210,0.299,0.349,0.648,0,670224
685,Sandy Leon,ATL,C,C,-37.6,4,9,8,1,0,1,0,0,1,1,0,0,2,3,1,0,0.165,0.246,0.258,0.504,0,506702
686,Rudy Martin,KC,OF,OF,-37.6,11,26,23,3,1,3,2,0,5,4,1,0,8,7,2,0,0.229,0.306,0.344,0.651,0,657675
687,Braiden Ward,BOS,OF,OF,-37.6,11,26,23,3,0,2,2,0,5,4,1,0,8,6,2,1,0.238,0.319,0.338,0.658,0,685274
688,Eric Brown Jr.,MIL,SS,SS,-37.6,21,51,46,5,1,4,1,0,9,6,2,0,13,12,4,1,0.196,0.264,0.284,0.548,0,687521
689,Brett Wisely,ATL,2B,2B,-37.6,15,34,31,4,1,3,1,0,7,5,2,0,11,8,3,0,0.229,0.294,0.344,0.638,0,689172
690,Ryan Clifford,NYM,1B,1B,-37.6,15,35,30,4,1,4,0,0,6,4,1,0,11,12,4,0,0.200,0.292,0.354,0.646,0,691775
691,Adam Duvall,FA,OF,OF,-37.7,13,31,28,3,1,4,0,0,6,4,1,0,11,9,2,0,0.209,0.273,0.378,0.651,0,10950
692,Trey Mancini,LAA,1B,1B,-37.7,15,34,31,4,1,4,0,0,7,5,1,0,11,10,3,0,0.222,0.287,0.361,0.648,0,15149
693,Garrett Stubbs,PHI,DH,C,-37.7,33,75,67,8,2,7,1,0,15,10,3,0,22,18,7,1,0.220,0.296,0.331,0.627,0,596117
694,Jason Vosler,FA,1B,1B,-37.7,13,31,28,3,1,3,0,0,7,4,1,0,11,8,2,0,0.228,0.284,0.378,0.662,0,613564
695,Sandro Fabian,FA,OF,OF,-37.7,13,31,29,3,1,3,0,0,7,4,1,0,11,6,2,0,0.234,0.276,0.377,0.652,0,660758
696,Justin Foscue,TEX,1B,1B,-37.7,14,33,29,4,1,3,0,0,7,4,2,0,11,6,3,0,0.225,0.308,0.364,0.671,0,679822
697,Niko Kavadas,LAA,1B,1B,-37.7,15,34,29,4,1,4,0,0,6,3,1,0,11,13,4,1,0.197,0.306,0.366,0.671,0,694359
698,RJ Schreck,TOR,OF,OF,-37.7,15,35,30,4,1,4,0,0,6,4,1,0,11,9,4,1,0.209,0.313,0.351,0.664,0,702302
699,Kevin Kiermaier,FA,OF,OF,-37.8,13,30,27,3,1,3,1,0,6,4,1,0,10,8,2,0,0.224,0.280,0.348,0.628,0,11038
700,David Dahl,FA,OF,OF,-37.8,13,30,27,3,1,3,0,0,6,4,1,0,10,8,2,0,0.229,0.286,0.369,0.655,0,13744
701,Tyler Nevin,FA,1B/3B/OF,1B/3B/OF,-37.8,7,15,13,2,0,2,0,0,3,2,1,0,5,3,1,0,0.248,0.319,0.399,0.718,0,663527
702,LaMonte Wade Jr.,CHW,1B/OF,1B/OF,-37.8,8,18,15,2,1,2,0,0,3,2,1,0,5,4,3,0,0.222,0.334,0.360,0.694,0,664774
703,Bryan Ramos,BAL,3B,3B,-37.8,15,35,32,4,1,3,1,0,7,4,1,0,11,9,3,1,0.208,0.277,0.334,0.611,0,682868
704,Gio Urshela,FA,3B,1B/3B,-37.9,12,30,28,3,1,3,0,0,7,5,1,0,10,6,2,0,0.255,0.305,0.368,0.673,0,10681
705,Joey Gallo,FA,1B,1B,-37.9,13,30,25,4,1,3,0,0,5,3,1,0,9,11,4,0,0.182,0.299,0.364,0.663,0,14128
706,Connor Kaiser,KC,2B,2B,-37.9,21,49,43,5,1,4,1,0,8,6,2,0,13,15,5,1,0.192,0.275,0.291,0.566,0,663731
707,Jax Biggers,HOU,2B,2B,-37.9,21,50,44,5,0,4,1,0,9,6,2,0,12,14,6,0,0.198,0.289,0.276,0.566,0,680890
708,Elijah Dunham,LAA,OF,OF,-37.9,15,35,31,4,1,3,1,0,6,4,1,0,10,11,3,0,0.198,0.275,0.329,0.605,0,685313
709,Jared Serna,MIA,SS,SS,-37.9,15,35,32,4,1,3,1,0,7,5,1,0,10,6,3,0,0.223,0.286,0.317,0.603,0,691858
710,Kyler Fedko,MIN,OF,OF,-37.9,11,26,23,3,1,3,1,0,5,3,1,0,8,7,3,0,0.216,0.296,0.360,0.656,0,693459
711,Ben Cowles,FA,SS,SS,-37.9,16,38,35,4,1,3,1,0,8,5,2,0,11,11,3,1,0.215,0.274,0.320,0.594,0,701496
712,Yolmer Sanchez,LAA,OF,OF,-38.0,21,51,45,5,1,4,1,0,9,6,2,0,13,14,5,1,0.196,0.286,0.282,0.568,0,11602
713,Trei Cruz,DET,SS,SS,-38.0,16,38,33,4,1,3,1,0,7,5,2,0,10,10,5,0,0.208,0.304,0.313,0.617,0,669360
714,Davis Wendzel,PIT,3B,3B,-38.0,16,38,34,4,1,4,0,0,7,5,1,0,11,9,3,1,0.205,0.282,0.329,0.611,0,673995
715,Junior Franco,ARI,OF,OF,-38.0,11,26,24,3,1,3,1,0,6,4,1,0,9,6,2,0,0.245,0.301,0.363,0.664,0,691285
716,Mike Sirota,LAD,OF,OF,-38.0,11,26,23,3,1,3,0,0,5,3,1,0,9,7,3,0,0.218,0.306,0.377,0.683,0,701527
717,John Peck,DET,SS,SS,-38.0,11,26,24,3,1,3,1,0,6,4,1,0,8,7,1,0,0.237,0.281,0.347,0.628,0,807726
718,Tim Anderson,FA,2B,2B,-38.1,13,31,29,3,0,3,1,0,7,6,1,0,9,8,1,0,0.241,0.280,0.315,0.594,0,15172
719,Justin Dean,CHC,OF,OF,-38.1,15,34,30,3,0,3,1,0,6,5,1,0,9,11,3,0,0.202,0.284,0.287,0.571,0,681909
720,Brett Squires,KC,1B,1B,-38.1,11,26,24,3,1,3,1,0,5,4,1,0,9,8,2,0,0.231,0.293,0.361,0.654,0,689531
721,Brock Wilken,MIL,3B,3B,-38.1,15,35,30,4,1,3,0,0,6,3,1,0,10,11,4,0,0.187,0.290,0.333,0.623,0,694385
722,Carson Roccaforte,KC,OF,OF,-38.1,11,26,23,3,1,3,1,0,5,3,1,0,8,8,3,0,0.214,0.296,0.349,0.644,0,811287
723,Angel Ortiz,ARI,OF,OF,-38.3,11,26,24,3,1,3,0,0,6,4,1,0,9,6,2,0,0.237,0.292,0.360,0.652,0,691292
724,Cristofer Torin,ARI,SS,SS,-38.3,11,27,24,3,0,2,0,0,6,4,1,0,8,5,3,0,0.242,0.316,0.332,0.647,0,800198
725,Charlie Szykowny,SF,3B,3B,-38.3,11,26,24,3,1,3,0,0,6,4,1,0,9,6,1,1,0.236,0.284,0.362,0.646,0,805126
726,Ryan Galanie,CHW,1B,1B,-38.3,11,26,24,3,1,3,0,0,5,4,1,0,9,6,2,0,0.226,0.283,0.357,0.640,0,814436
727,Mikey Romero,BOS,SS,SS,-38.4,11,27,25,3,1,3,0,0,6,4,2,0,9,7,1,0,0.224,0.269,0.357,0.625,0,702540
728,Zach Remillard,FA,2B,2B,-38.5,13,30,27,3,0,3,1,0,6,4,1,0,8,8,2,0,0.212,0.281,0.299,0.580,0,621545
729,Jared Walsh,FA,1B,1B,-38.5,13,31,28,3,1,3,0,0,5,3,1,0,9,12,3,0,0.190,0.260,0.325,0.585,0,665120
730,Osleivis Basabe,SF,SS,SS,-38.5,11,26,24,3,0,2,0,0,6,4,1,0,8,5,1,0,0.234,0.281,0.337,0.618,0,678545
731,Max Ferguson,BOS,2B,2B,-38.5,11,26,23,3,0,2,1,0,5,3,1,0,7,7,3,0,0.205,0.283,0.306,0.589,0,681132
732,Clark Elliott,ATH,OF,OF,-38.5,11,26,22,3,1,2,0,0,5,3,1,0,7,7,3,0,0.210,0.315,0.322,0.638,0,686499
733,Joshua Baez,STL,OF,OF,-38.5,8,17,15,2,1,2,1,0,3,2,1,0,6,5,1,0,0.225,0.292,0.375,0.668,2,695491
734,Henry Bolte,ATH,OF,OF,-38.5,8,18,16,2,0,2,1,0,4,3,1,0,6,6,2,0,0.235,0.305,0.367,0.672,0,703607
735,Riley Unroe,HOU,2B,2B,-38.6,11,26,23,3,0,2,1,0,5,3,1,0,7,7,3,0,0.209,0.291,0.307,0.598,0,624523
736,Edward Olivares,TB,OF,OF,-38.6,8,18,16,2,1,2,0,0,4,3,1,0,6,4,1,0,0.234,0.298,0.376,0.674,0,658668
737,Seth Brown,NYY,OF,1B/OF,-38.6,8,17,15,2,1,2,0,0,3,2,1,0,6,5,1,0,0.225,0.290,0.402,0.692,0,664913
738,Drew Waters,KC,OF,OF,-38.6,8,18,16,2,0,2,1,0,4,3,1,0,6,5,1,0,0.235,0.299,0.374,0.673,0,671221
739,Johnny Olmstead,MIA,SS,SS,-38.6,11,26,23,3,0,2,1,0,5,3,1,0,7,6,2,0,0.205,0.271,0.310,0.580,0,675394
740,Brewer Hicklen,ATL,OF,OF,-38.6,8,18,16,2,1,2,1,0,3,2,1,0,6,6,2,0,0.208,0.287,0.355,0.642,0,676551
741,Ronny Simon,PIT,OF,2B/OF,-38.6,8,17,15,2,0,2,1,0,4,3,1,0,6,4,1,0,0.247,0.313,0.364,0.677,0,682927
742,Enrique Bradfield Jr.,BAL,OF,OF,-38.6,8,17,15,2,0,2,1,0,3,2,1,0,5,4,2,0,0.225,0.300,0.332,0.632,0,690961
743,Ethan Murray,MIL,SS,SS,-38.6,15,35,31,3,1,3,1,0,6,4,1,0,9,11,3,0,0.192,0.265,0.288,0.554,0,696140
744,Anderdson Rojas,ARI,OF,OF,-38.6,11,27,25,3,0,2,1,0,6,4,1,0,8,5,2,0,0.226,0.282,0.309,0.592,0,699232
745,Brock Rodden,SEA,2B,2B,-38.6,11,26,24,3,0,2,1,0,5,4,1,0,8,8,2,0,0.215,0.272,0.315,0.587,0,801126
746,Pablo Reyes,SD,OF,2B/3B/ OF,-38.7,8,18,16,2,0,2,0,0,4,3,1,0,6,4,2,0,0.233,0.306,0.354,0.661,0,622569
747,Juan Yepez,TOR,1B,1B,-38.7,8,17,15,2,1,2,0,0,4,2,1,0,6,3,1,0,0.238,0.302,0.398,0.699,0,660766
748,Luken Baker,ARI,DH,DH,-38.7,23,58,51,7,2,7,0,0,11,6,2,0,19,17,6,0,0.211,0.299,0.376,0.676,0,663609
749,Estevan Florial,FA,OF,OF,-38.7,7,16,14,2,1,2,1,0,3,2,1,0,5,5,2,0,0.223,0.300,0.377,0.677,0,664314
750,Michael Toglia,CIN,1B,1B,-38.7,8,18,16,2,1,2,0,0,3,2,1,0,6,6,2,0,0.205,0.289,0.391,0.680,0,669911
751,Warming Bernabel,WSH,1B,1B,-38.7,8,18,17,2,0,2,0,0,4,3,1,0,6,3,1,0,0.248,0.289,0.377,0.666,0,682653
752,Daniel Vazquez,KC,SS,SS,-38.7,11,27,25,3,0,2,1,0,6,4,1,0,7,6,2,0,0.223,0.284,0.294,0.578,0,694187
753,Jaison Chourio,CLE,OF,OF,-38.7,11,27,23,3,0,2,1,0,5,4,1,0,7,7,3,0,0.200,0.299,0.277,0.576,0,702693
754,Abraham Toro,KC,1B,1B/3B,-38.8,8,17,15,2,0,2,0,0,4,3,1,0,6,4,1,0,0.238,0.299,0.369,0.668,0,647351
755,Cole Tucker,FA,3B,3B,-38.8,13,30,27,3,0,2,0,0,6,4,1,0,8,8,3,0,0.206,0.279,0.293,0.572,0,657061
756,Oscar Gonzalez,FA,OF,OF,-38.8,7,16,15,2,0,2,0,0,4,3,1,0,6,4,1,0,0.248,0.281,0.396,0.676,0,660757
757,Corey Julks,DET,OF,OF,-38.8,8,17,15,2,0,2,0,0,4,2,1,0,6,4,1,0,0.229,0.296,0.360,0.656,0,667452
758,Gage Workman,DET,3B,3B,-38.8,8,17,15,2,0,2,1,0,3,2,1,0,5,6,1,0,0.213,0.281,0.353,0.634,0,669398
759,Tim Elko,CHW,1B,1B,-38.8,8,17,16,2,1,2,0,0,4,2,1,0,6,6,1,0,0.230,0.276,0.392,0.668,0,671284
760,Ji Hwan Bae,NYM,OF,OF,-38.8,8,17,15,2,0,2,1,0,4,3,1,0,5,4,2,0,0.238,0.310,0.332,0.642,0,678225
761,DaShawn Keirsey Jr.,ATL,OF,OF,-38.8,8,17,16,2,0,2,1,0,4,2,1,0,5,5,1,0,0.223,0.277,0.338,0.616,0,680577
762,Drew Avans,COL,OF,OF,-38.8,8,17,15,2,0,2,1,0,4,3,1,0,5,4,2,0,0.237,0.311,0.333,0.644,0,682183
763,Brody Moore,STL,SS,SS,-38.8,11,26,24,2,0,2,1,0,5,4,1,0,7,6,2,0,0.219,0.268,0.287,0.555,0,690914
764,Cesar Prieto,STL,2B,2B,-38.8,8,18,17,2,0,2,0,0,4,3,1,0,6,3,1,0,0.251,0.293,0.366,0.659,0,693409
765,Esmerlyn Valdez,PIT,OF,OF,-38.8,8,18,16,2,1,2,0,0,4,2,1,0,6,5,2,0,0.229,0.308,0.381,0.688,0,699013
766,Jadher Areinamo,TB,SS,SS,-38.8,8,18,17,2,0,2,0,0,4,3,1,0,6,3,1,0,0.240,0.286,0.358,0.644,0,699130
767,Max Clark,DET,OF,OF,-38.8,8,18,16,2,0,2,0,0,4,3,1,0,6,4,2,0,0.236,0.324,0.350,0.674,0,703601
768,Jack Pineda,KC,SS,SS,-38.8,11,26,24,3,0,2,0,0,5,4,1,0,7,6,2,0,0.218,0.280,0.303,0.583,0,801442
769,Nate Furman,SF,2B,2B,-38.8,8,17,15,2,0,2,0,0,4,3,1,0,5,3,2,0,0.253,0.340,0.357,0.697,0,801501
770,Jesse Winker,FA,DH,OF,-38.9,18,46,38,6,1,5,1,0,9,6,2,0,15,10,7,1,0.242,0.359,0.390,0.748,0,13590
771,Hunter Renfroe,FA,OF,OF,-38.9,7,15,13,2,1,2,0,0,3,2,1,0,5,3,1,0,0.230,0.299,0.394,0.693,0,15464
772,Joey Meneses,ATH,1B,1B,-38.9,8,17,16,2,0,2,0,0,4,3,1,0,6,3,1,0,0.249,0.300,0.383,0.682,0,608841
773,Joshua Palacios,FA,OF,OF,-38.9,7,15,13,2,0,2,0,0,3,2,1,0,5,4,1,0,0.237,0.308,0.374,0.682,0,641943
774,Jose Siri,LAA,OF,OF,-38.9,7,16,15,2,1,2,0,0,3,2,1,0,5,6,1,0,0.205,0.267,0.375,0.642,0,642350
775,Bryan De La Cruz,PHI,OF,OF,-38.9,8,18,17,2,1,2,0,0,4,3,1,0,6,5,1,0,0.230,0.284,0.374,0.658,0,650559
776,Sam Hilliard,FA,OF,OF,-38.9,7,15,13,2,1,2,0,0,3,2,1,0,5,5,1,0,0.220,0.294,0.391,0.685,0,656541
777,Daz Cameron,FA,OF,OF,-38.9,7,15,14,2,0,2,0,0,3,2,1,0,5,4,1,0,0.230,0.296,0.388,0.684,0,663662
778,Zach DeLoach,CHW,OF,OF,-38.9,8,18,16,2,0,2,0,0,4,2,1,0,6,6,2,0,0.217,0.292,0.349,0.641,0,676113
779,Ryan Fitzgerald,LAD,SS,2B/SS,-38.9,8,17,15,2,0,2,0,0,4,2,1,0,6,4,1,0,0.228,0.291,0.370,0.661,0,680837
780,Vinny Capra,BOS,3B,SS/3B,-38.9,8,17,15,2,0,2,0,0,4,2,1,0,5,4,2,0,0.233,0.311,0.344,0.655,0,681962
781,Tyler Callihan,PIT,OF,OF,-38.9,8,17,15,2,0,2,0,0,4,2,1,0,5,4,1,0,0.225,0.286,0.335,0.622,0,682997
782,Andrew Pinckney,WSH,OF,OF,-38.9,8,17,16,2,0,2,1,0,3,3,1,0,5,6,1,0,0.222,0.278,0.337,0.616,0,687605
783,Justice Bigbie,DET,OF,OF,-38.9,8,17,15,2,0,2,0,0,4,3,1,0,5,3,1,0,0.245,0.305,0.347,0.652,0,694425
784,Juan Matheus,MIA,SS,SS,-38.9,11,26,23,2,0,2,1,0,5,4,1,0,7,6,2,0,0.203,0.270,0.280,0.550,0,801276
785,Brandon Drury,KC,2B,2B,-39.0,8,17,15,2,0,2,0,0,3,2,1,0,6,4,1,0,0.222,0.286,0.354,0.640,0,11615
786,J.D. Davis,FA,1B,1B/3B,-39.0,7,15,13,2,0,2,0,0,3,2,1,0,5,4,1,0,0.226,0.300,0.366,0.667,0,16219
787,Forrest Wall,FA,OF,OF,-39.0,7,15,13,2,0,1,1,0,3,2,1,0,4,4,1,0,0.232,0.304,0.330,0.634,0,657088
788,Elehuris Montero,FA,1B,1B,-39.0,7,16,15,2,1,2,0,0,3,2,1,0,6,4,1,0,0.233,0.289,0.389,0.678,0,660707
789,Jesus Bastidas,MIA,SS,SS,-39.0,8,17,15,2,0,2,0,0,3,2,1,0,5,5,1,0,0.212,0.277,0.332,0.609,0,665846
790,Aaron Schunk,ATL,SS,SS,-39.0,8,17,16,2,0,2,0,0,4,3,1,0,6,4,1,0,0.232,0.276,0.347,0.622,0,668845
791,Nick Senzel,LAD,3B,3B,-39.0,8,18,16,2,0,2,0,0,3,2,1,0,5,4,2,0,0.211,0.287,0.335,0.622,0,669222
792,Buddy Kennedy,SF,3B,3B,-39.0,8,17,15,2,0,2,0,0,4,3,1,0,5,3,2,0,0.237,0.322,0.346,0.667,0,671083
793,Darren Baker,CHW,2B,2B,-39.0,8,17,15,2,0,1,1,0,4,3,1,0,5,4,1,0,0.234,0.293,0.296,0.590,0,671117
794,Jose Barrero,BAL,OF,SS/OF,-39.0,8,17,15,2,0,2,0,0,3,2,1,0,5,5,1,0,0.203,0.265,0.332,0.598,0,676480
795,Liover Peguero,PHI,SS,1B/2B/SS,-39.0,8,17,16,2,0,2,0,0,4,2,1,0,5,4,1,0,0.222,0.277,0.344,0.621,0,678894
796,Jonah Bride,TEX,3B,1B/3B,-39.0,8,18,15,2,0,2,0,0,3,2,1,0,5,5,2,0,0.218,0.322,0.340,0.662,0,681146
797,Michael Stefanic,ATH,2B,2B,-39.0,8,16,14,2,0,1,0,0,4,3,1,0,5,2,2,0,0.259,0.347,0.341,0.688,0,683021
798,Oliver Dunn,CHW,3B,3B,-39.0,8,17,15,2,0,2,0,0,3,2,1,0,5,6,2,0,0.205,0.281,0.329,0.610,0,686554
799,Arjun Nimmala,TOR,SS,SS,-39.0,11,26,24,3,1,2,0,0,5,3,1,0,7,7,2,0,0.190,0.256,0.301,0.557,0,805796
800,Marshall Toole,TB,OF,OF,-39.0,11,26,23,2,0,2,1,0,4,3,1,0,6,8,2,0,0.186,0.257,0.270,0.527,0,828319
801,Kevin Pillar,FA,OF,OF,-39.1,7,14,13,2,0,2,0,0,3,2,1,0,5,3,1,0,0.223,0.276,0.358,0.634,0,12434
802,Mitch Haniger,FA,OF,OF,-39.1,7,15,13,2,1,2,0,0,3,2,1,0,5,4,1,0,0.214,0.289,0.358,0.647,0,14274
803,Tyler Wade,FA,OF,2B/3B/ OF,-39.1,8,17,15,2,0,1,1,0,3,3,1,0,4,4,2,0,0.222,0.295,0.293,0.588,0,15730
804,Kevin Newman,KC,3B,2B/SS/ 3B,-39.1,8,17,16,2,0,2,0,0,4,3,1,0,5,3,1,0,0.244,0.292,0.332,0.624,0,621028
805,Cavan Biggio,HOU,OF,1B/2B/ 3B/OF,-39.1,8,18,15,2,0,2,0,0,3,2,1,0,5,5,2,0,0.208,0.309,0.315,0.624,0,624415
806,Nick Gordon,FA,OF,OF,-39.1,7,15,14,2,0,2,0,0,3,2,1,0,5,4,1,0,0.229,0.272,0.352,0.624,0,624503
807,Diego Castillo,TEX,3B,3B,-39.1,7,16,14,2,0,2,0,0,3,2,1,0,5,3,2,0,0.225,0.305,0.336,0.641,0,660636
808,Eguy Rosario,FA,3B,3B,-39.1,7,15,14,2,0,2,0,0,3,2,1,0,5,4,1,0,0.215,0.280,0.367,0.647,0,666703
809,Nick Pratto,TEX,1B,1B,-39.1,8,17,15,2,1,2,0,0,3,2,1,0,5,6,2,0,0.201,0.276,0.352,0.628,0,668472
810,Austin Shenton,FA,1B,1B,-39.1,7,16,14,2,1,2,0,0,3,2,1,0,5,5,2,0,0.214,0.300,0.374,0.674,0,668853
811,Yunior Severino,FA,2B,2B,-39.1,7,16,14,2,0,2,0,0,3,2,1,0,5,5,1,0,0.215,0.288,0.357,0.645,0,670870
812,Jacob Hurtubise,MIL,OF,OF,-39.1,8,17,14,2,0,1,1,0,3,2,1,0,4,4,2,1,0.207,0.319,0.289,0.608,0,674441
813,Alika Williams,PIT,2B,2B,-39.1,8,17,15,2,0,2,0,0,4,3,1,0,5,3,1,0,0.239,0.295,0.337,0.632,0,675961
814,Jordyn Adams,MIL,OF,OF,-39.1,8,17,16,2,0,2,1,0,3,2,1,0,5,6,1,0,0.199,0.259,0.315,0.574,0,677941
815,Owen Miller,CHC,2B,2B,-39.1,8,18,17,2,0,2,0,0,4,3,1,0,6,4,1,0,0.233,0.286,0.334,0.619,0,680911
816,David Villar,FA,1B,1B,-39.1,7,15,13,2,0,2,0,0,3,2,1,0,5,5,2,0,0.210,0.295,0.357,0.651,0,681584
817,Marco Luciano,NYY,SS,SS,-39.1,8,17,15,2,1,2,0,0,3,2,1,0,5,6,2,0,0.199,0.286,0.341,0.627,0,682617
818,Jose Ramos,NYM,OF,OF,-39.1,8,17,15,2,1,2,0,0,3,2,1,0,5,6,1,0,0.199,0.269,0.342,0.611,0,682947
819,Brennan Milone,ATH,2B,2B,-39.1,8,17,15,2,0,2,0,0,3,2,1,0,5,5,2,0,0.218,0.295,0.348,0.643,0,686810
820,Alex Ramirez,NYM,OF,OF,-39.1,8,17,15,2,0,1,1,0,3,2,1,0,5,4,1,0,0.206,0.268,0.302,0.570,0,691267
821,Wilfred Veras,CHW,OF,OF,-39.1,8,17,16,2,0,2,0,0,3,2,1,0,5,5,1,0,0.215,0.264,0.341,0.606,0,691442
822,Luis Suisbel,SEA,3B,3B,-39.1,11,26,24,2,1,2,0,0,4,3,1,0,7,9,2,0,0.179,0.240,0.293,0.534,0,692044
823,Oscar Colas,FA,OF,OF,-39.1,7,16,15,2,0,2,0,0,3,2,1,0,5,4,1,0,0.217,0.277,0.346,0.623,0,693049
824,Tyler Gentry,DET,OF,OF,-39.1,8,17,15,2,0,2,0,0,3,2,1,0,5,5,2,0,0.211,0.286,0.341,0.626,0,694355
825,Frederick Bencosme,BAL,SS,SS,-39.1,8,17,15,2,0,2,0,0,3,2,1,0,5,3,1,0,0.216,0.276,0.320,0.596,0,695930
826,Trey Lipscomb,WSH,1B,1B,-39.1,8,17,16,2,0,2,0,0,4,3,1,0,5,4,1,0,0.227,0.272,0.334,0.606,0,702358
827,Yassel Soler,ARI,3B,3B,-39.1,11,26,24,2,1,2,0,0,5,3,1,0,7,7,1,0,0.195,0.245,0.294,0.540,0,807957
828,Albert Almora Jr.,FA,OF,OF,-39.2,7,15,14,2,0,1,0,0,3,2,1,0,5,3,1,0,0.235,0.285,0.341,0.625,0,14109
829,DJ Stewart,FA,OF,OF,-39.2,7,15,13,2,1,2,0,0,3,2,1,0,5,4,2,0,0.199,0.302,0.349,0.651,0,621466
830,Jamie Westbrook,FA,2B,2B,-39.2,7,15,13,2,0,1,0,0,3,2,1,0,5,3,1,0,0.227,0.301,0.340,0.641,0,642197
831,Sean Bouchard,FA,OF,1B/OF,-39.2,7,15,13,2,0,1,0,0,3,2,1,0,4,5,2,0,0.202,0.302,0.339,0.640,0,656248
832,Emmanuel Rivera,FA,3B,1B/3B,-39.2,7,15,14,2,0,2,0,0,3,2,1,0,5,3,1,0,0.238,0.301,0.352,0.653,0,656896
833,Bobby Dalbec,FA,1B,1B/3B,-39.2,7,15,13,2,1,2,0,0,3,2,1,0,5,6,1,0,0.200,0.273,0.355,0.628,0,666915
834,Armando Alvarez,FA,3B,3B,-39.2,7,15,14,2,0,2,0,0,3,2,1,0,5,4,1,0,0.223,0.284,0.364,0.648,0,669137
835,Jacob Amaya,ARI,SS,SS,-39.2,8,17,15,2,0,2,0,0,3,2,1,0,5,5,2,0,0.211,0.286,0.318,0.604,0,676070
836,Ryan Noda,BAL,1B,1B/OF,-39.2,8,17,14,2,1,2,0,0,3,2,1,0,5,6,3,0,0.185,0.316,0.332,0.647,0,676116
837,Bligh Madris,STL,1B,1B,-39.2,8,18,16,2,0,2,0,0,3,2,1,0,5,5,2,0,0.202,0.275,0.325,0.600,0,676632
838,Jud Fabian,BAL,OF,OF,-39.2,8,17,15,2,1,2,0,0,3,2,1,0,5,6,2,0,0.186,0.278,0.323,0.601,0,682983
839,Carlos Mendoza,TOR,2B,2B,-39.2,8,17,15,2,0,1,0,0,3,3,1,0,4,3,2,0,0.223,0.318,0.300,0.618,0,685332
840,Tucker Flint,LAA,OF,OF,-39.2,8,17,15,2,0,2,0,0,3,2,1,0,5,6,2,0,0.193,0.279,0.323,0.602,0,687272
841,Josh Kasevich,TOR,SS,SS,-39.2,8,17,15,2,0,1,0,0,4,3,1,0,5,3,1,0,0.237,0.295,0.317,0.613,0,688460
842,Tsung-Che Cheng,BOS,SS,SS,-39.2,8,17,15,2,0,1,1,0,3,2,1,0,5,4,2,0,0.210,0.286,0.309,0.595,0,691907
843,Cole Carrigg,COL,OF,OF,-39.2,4,9,8,1,0,1,1,0,2,1,0,0,3,2,1,0,0.256,0.310,0.399,0.709,0,694249
844,Riley Tirotta,TOR,3B,3B,-39.2,8,17,15,2,0,2,0,0,3,2,1,0,5,6,2,0,0.202,0.282,0.325,0.607,0,694661
845,Taylor Young,LAD,2B,2B,-39.2,8,17,15,2,0,1,1,0,3,2,1,0,4,4,2,0,0.211,0.295,0.285,0.580,0,805891
846,Chase Jaworsky,MIA,SS,SS,-39.2,11,27,24,2,0,2,1,0,4,3,1,0,6,8,2,0,0.175,0.244,0.243,0.487,0,814172
847,Cristian Pache,NYM,OF,OF,-39.3,8,17,15,2,0,1,0,0,3,2,1,0,5,5,1,0,0.203,0.272,0.306,0.579,0,665506
848,Alan Trejo,FA,SS,SS,-39.3,7,15,14,2,0,2,0,0,3,2,1,0,5,4,1,0,0.217,0.266,0.338,0.604,0,676701
849,Clay Dungan,SD,2B,2B,-39.3,8,17,15,2,0,1,0,0,3,2,1,0,5,5,2,0,0.204,0.283,0.305,0.588,0,687867
850,Sam Brown,WSH,1B,1B,-39.3,8,17,15,2,0,2,0,0,3,2,1,0,5,4,2,0,0.221,0.297,0.323,0.619,0,694848
851,Terrell Tatum,FA,OF,OF,-39.3,7,16,14,2,0,1,1,0,3,2,1,0,4,5,2,0,0.201,0.287,0.296,0.583,0,695299
852,Luis Castillo,MIL,OF,OF,-39.3,11,27,24,2,1,2,0,0,4,3,1,0,7,9,2,0,0.167,0.236,0.270,0.507,0,699127
853,Randy De Jesus,LAA,OF,OF,-39.3,11,26,24,2,1,2,0,0,4,3,1,0,7,10,2,0,0.174,0.238,0.286,0.524,0,703194
854,Donovan Solano,FA,1B,1B,-39.3,7,15,14,2,0,1,0,0,3,3,1,0,5,3,1,0,0.249,0.310,0.349,0.659,0,8623
855,Sergio Alcantara,PHI,3B,3B,-39.4,8,17,15,2,0,1,0,0,3,2,1,0,5,4,2,0,0.213,0.306,0.306,0.612,0,642727
856,Luis De Los Santos,FA,3B,3B,-39.4,7,15,14,2,0,1,0,0,3,2,1,0,4,4,1,0,0.210,0.267,0.319,0.586,0,665782
857,Grae Kessinger,NYM,3B,3B,-39.4,8,17,15,2,0,1,0,0,3,2,1,0,4,5,2,0,0.197,0.283,0.296,0.578,0,666197
858,Matthew Batten,ATL,1B,1B,-39.4,8,17,15,2,0,1,0,0,3,2,1,0,5,5,1,0,0.203,0.268,0.295,0.563,0,676946
859,Jonathan Ornelas,NYY,SS,SS,-39.4,8,17,15,2,0,1,0,0,3,2,1,0,5,5,1,0,0.204,0.269,0.293,0.562,0,680716
860,Luke Ritter,DET,2B,2B,-39.4,8,17,15,2,0,2,0,0,3,2,1,0,5,6,2,0,0.192,0.274,0.311,0.585,0,682239
861,Pedro Ramirez,CHC,2B,2B,-39.4,4,9,8,1,0,1,0,0,2,2,0,0,3,2,1,0,0.247,0.303,0.354,0.657,0,699393
862,Reed Trimble,BAL,OF,OF,-39.4,4,9,8,1,0,1,0,0,2,1,0,0,3,2,1,0,0.224,0.290,0.372,0.663,0,701655
863,Juan Baez,MIL,SS,SS,-39.4,11,26,24,2,0,2,0,0,5,4,1,0,6,5,2,0,0.198,0.261,0.259,0.520,0,800345
864,Patrick Clohisy,ATL,OF,OF,-39.4,4,9,8,1,0,1,1,0,2,1,0,0,3,2,1,0,0.232,0.289,0.330,0.618,0,802117
865,Jack Lopez,FA,2B,2B,-39.5,7,15,14,1,0,1,0,0,3,2,1,0,4,4,1,0,0.209,0.248,0.308,0.556,0,605346
866,Luis Guillorme,FA,2B,2B,-39.5,7,14,12,2,0,1,0,0,3,2,1,0,4,3,2,0,0.222,0.315,0.294,0.609,0,641645
867,Sam Petersen,WSH,OF,OF,-39.5,4,9,8,1,0,1,0,0,2,1,0,0,3,3,1,0,0.213,0.291,0.349,0.640,0,695763
868,Phillip Glasser,WSH,OF,OF,-39.5,4,9,8,1,0,1,0,0,2,2,0,0,3,2,1,0,0.255,0.318,0.344,0.662,0,701298
869,Zach Ehrhard,LAD,OF,OF,-39.5,4,9,8,1,0,1,0,0,2,1,0,0,3,2,1,0,0.228,0.297,0.360,0.657,0,701394
870,Nick Morabito,NYM,OF,OF,-39.5,4,9,8,1,0,1,0,0,2,1,0,0,3,2,1,0,0.232,0.301,0.331,0.633,0,703492
871,Josue De Paula,LAD,OF,OF,-39.5,4,9,8,1,0,1,0,0,2,1,0,0,3,2,1,0,0.232,0.332,0.358,0.690,0,800543
872,Raudi Rodriguez,LAA,OF,OF,-39.5,4,9,8,1,0,1,0,0,2,1,0,0,3,2,1,0,0.228,0.304,0.358,0.662,0,804558
873,Ralphy Velazquez,CLE,1B,1B,-39.5,4,9,8,1,0,1,0,0,2,1,0,0,3,2,1,0,0.231,0.297,0.387,0.684,0,806252
874,Jesus Made,MIL,SS,SS,-39.5,4,9,8,1,0,1,0,0,2,1,0,0,3,2,1,0,0.233,0.302,0.340,0.642,0,815908
875,Dillon Lewis,MIA,OF,OF,-39.5,4,9,8,1,0,1,0,0,2,1,0,0,3,3,1,0,0.212,0.274,0.356,0.630,0,827665
876,Jose Rojas,NYM,OF,OF,-39.6,4,9,8,1,0,1,0,0,2,1,0,0,3,2,1,0,0.212,0.284,0.377,0.661,0,670351
877,David Hensley,FA,OF,OF,-39.6,7,15,13,2,0,1,0,0,3,2,1,0,4,5,2,0,0.196,0.294,0.298,0.593,0,682073
878,Hendry Mendez,MIN,OF,OF,-39.6,4,9,8,1,0,1,0,0,2,1,0,0,3,2,1,0,0.243,0.323,0.359,0.682,0,694230
879,Cooper Kinney,TB,2B,2B,-39.6,4,9,8,1,0,1,0,0,2,1,0,0,3,2,1,0,0.224,0.274,0.342,0.616,0,695692
880,Leo Balcazar,CIN,SS,SS,-39.6,4,9,8,1,0,1,0,0,2,1,0,0,3,2,1,0,0.236,0.298,0.338,0.636,0,699114
881,Duce Gourson,PIT,2B,2B,-39.6,4,9,8,1,0,1,0,0,2,1,0,0,3,2,1,0,0.224,0.304,0.328,0.632,0,701546
882,Carson DeMartini,PHI,SS,SS,-39.6,4,9,8,1,0,1,0,0,2,1,0,0,3,3,1,0,0.214,0.282,0.332,0.614,0,701831
883,Ben McLaughlin,ARI,1B,1B,-39.6,4,9,8,1,0,1,0,0,2,1,1,0,3,2,1,0,0.245,0.323,0.378,0.701,0,808768
884,Joseph Sullivan,HOU,OF,OF,-39.6,4,9,8,1,0,1,0,0,2,1,0,0,3,3,1,0,0.199,0.306,0.339,0.645,0,813896
885,Sean Keys,TOR,3B,3B,-39.6,4,9,8,1,0,1,0,0,2,1,0,0,3,3,1,0,0.211,0.302,0.362,0.664,0,815873
886,Wade Meckler,LAA,OF,OF,-39.7,4,9,8,1,0,1,0,0,2,1,0,0,3,2,1,0,0.248,0.333,0.352,0.685,0,685133
887,Jack Brannigan,PIT,SS,SS,-39.7,4,9,8,1,0,1,0,0,2,1,0,0,3,3,1,0,0.209,0.278,0.338,0.616,0,687394
888,Parks Harber,SF,3B,3B,-39.7,4,9,8,1,0,1,0,0,2,1,0,0,3,3,1,0,0.215,0.277,0.323,0.600,0,692238
889,Angel Genao,CLE,SS,SS,-39.7,4,9,8,1,0,1,0,0,2,1,0,0,3,2,1,0,0.240,0.305,0.338,0.643,0,694197
890,Jacob Reimer,NYM,3B,3B,-39.7,4,9,8,1,0,1,0,0,2,1,0,0,3,3,1,0,0.215,0.297,0.340,0.637,0,702544
891,Jonathan Mejia,STL,SS,SS,-39.7,11,27,25,2,0,2,0,0,4,3,1,0,6,9,2,0,0.158,0.222,0.230,0.452,0,703158
892,Michael Arroyo,SEA,2B,2B,-39.7,4,9,8,1,0,1,0,0,2,1,0,0,3,2,1,0,0.215,0.303,0.339,0.642,0,703197
893,Seaver King,WSH,SS,SS,-39.7,4,9,8,1,0,1,0,0,2,1,0,0,3,2,1,0,0.222,0.273,0.316,0.589,0,814409
894,Theo Gillen,TB,OF,OF,-39.7,4,9,8,1,0,1,0,0,2,1,0,0,2,3,1,0,0.184,0.270,0.291,0.561,0,815394
895,Lucas Spence,HOU,OF,OF,-39.7,4,9,8,1,0,1,0,0,2,1,0,0,3,3,1,0,0.213,0.296,0.331,0.627,0,828599
896,Ethan Frey,HOU,OF,OF,-39.8,4,9,8,1,0,1,0,0,2,1,0,0,2,3,1,0,0.186,0.254,0.275,0.530,0,703676
897,Josuar de Jesus Gonzalez,SF,SS,SS,-39.8,11,26,24,2,0,2,1,0,4,3,1,0,5,7,2,0,0.160,0.213,0.213,0.426,0,829034
898,Zach Daudet,HOU,1B,1B,-39.9,4,9,8,1,0,1,0,0,2,1,0,0,2,2,1,0,0.185,0.265,0.268,0.533,0,836055
899,Harold Ramirez,FA,DH,OF,-42.0,7,15,14,2,0,2,0,0,4,3,1,0,5,3,1,0,0.260,0.304,0.368,0.671,0,14387
900,Willie Calhoun,FA,DH,DH,-42.0,7,15,13,2,0,2,0,0,3,2,1,0,5,3,1,0,0.237,0.312,0.361,0.672,0,641432
901,Xavier Isaac,TB,DH,1B,-42.0,8,18,16,2,1,2,0,0,3,2,1,0,6,7,2,0,0.194,0.294,0.365,0.659,0,800060
902,Eddie Rosario,FA,DH,OF,-42.1,7,15,14,2,0,2,0,0,3,2,1,0,5,4,1,0,0.222,0.278,0.363,0.641,0,12155
903,J.D. Martinez,FA,DH,DH,-42.1,7,15,13,2,0,2,0,0,3,2,1,0,5,4,1,0,0.229,0.305,0.382,0.687,0,6184
904,Mike Ford,FA,DH,1B,-42.1,7,15,13,2,1,2,0,0,3,2,1,0,5,4,1,0,0.208,0.291,0.356,0.647,0,645801
905,Travis Blankenhorn,FA,DH,2B,-42.1,7,15,13,2,1,2,0,0,3,2,1,0,5,4,1,0,0.205,0.276,0.358,0.635,0,663905
906,Jon Singleton,FA,DH,1B,-42.3,7,15,13,2,0,2,0,0,3,2,1,0,4,4,2,0,0.200,0.301,0.342,0.643,0,572138
907,Nick Maton,FA,DH,3B,-42.3,7,15,13,2,0,2,0,0,3,2,1,0,5,4,2,0,0.211,0.307,0.344,0.651,0,665155