#,Name,Team,ESPN,Y!,$,G,GS,QS,TBF,IP,W,L,SV,HLD,H,ER,K,BB,HBP,HR,ERA,SIERA,WHIP,GB%,LD%,FB%,BABIP,Own%,RazzID
1,Tarik Skubal,DET,SP,SP,40.8,25,25,16,571,143.1,10,6,0,0,109,45,172,33,5,14,2.81,2.64,0.99,42,19,39,0.277,100,669373
2,Paul Skenes,PIT,SP,SP,35.8,25,25,15,568,140.6,9,6,0,0,105,45,168,40,6,12,2.87,2.62,1.03,43,19,38,0.276,100,694973
3,Garrett Crochet,BOS,SP,SP,30.3,24,24,14,536,133.3,9,6,0,0,105,44,162,38,5,13,2.95,2.99,1.07,43,19,38,0.291,100,676979
4,Mason Miller,SD,RP,RP,26.7,53,0,0,212,53.2,3,2,25,0,30,13,88,21,2,4,2.25,1.91,0.95,38,19,44,0.259,100,695243
5,Jacob deGrom,TEX,SP,SP,25.3,22,22,13,510,125.4,8,6,0,0,99,47,150,30,4,17,3.37,2.98,1.03,36,19,45,0.263,100,10954
6,Cristopher Sanchez,PHI,SP,SP,25.1,25,25,15,592,144.2,10,6,0,0,132,49,142,39,5,12,3.08,3.24,1.18,54,20,26,0.304,100,650911
7,Chris Sale,ATL,SP,SP,24.0,22,22,13,494,121.0,8,5,0,0,98,43,147,34,7,13,3.23,3.06,1.09,41,19,40,0.287,100,10603
8,Jesus Luzardo,PHI,SP,SP,23.6,25,25,14,588,141.7,9,6,0,0,123,54,155,46,5,17,3.43,3.55,1.19,41,19,40,0.290,100,666200
9,Devin Williams,NYM,RP,RP,23.0,53,0,0,223,53.2,3,2,25,0,41,19,69,25,2,5,3.21,3.31,1.25,43,20,37,0.296,100,642207
10,Cade Smith,CLE,RP,RP,22.4,52,0,0,215,52.4,3,2,24,0,41,18,66,18,2,5,3.06,3.01,1.11,39,20,41,0.283,100,671922
11,Andres Munoz,SEA,RP,RP,22.2,52,0,0,220,52.4,3,2,24,0,40,18,69,23,3,4,3.14,3.02,1.20,47,19,34,0.281,100,662253
12,Jhoan Duran,PHI,RP,RP,21.9,43,0,0,158,38.9,2,2,25,0,30,12,47,13,2,3,2.74,2.75,1.12,54,19,27,0.294,100,661395
13,Yoshinobu Yamamoto,LAD,SP,SP,21.2,24,24,13,543,130.9,10,5,0,0,113,50,135,41,5,14,3.41,3.19,1.17,48,20,32,0.282,100,808967
14,Logan Gilbert,SEA,SP,SP,20.9,24,24,13,536,129.8,9,6,0,0,112,53,143,32,5,17,3.68,3.33,1.11,39,19,41,0.275,100,669302
15,David Bednar,NYY,RP,RP,20.7,49,0,0,182,43.9,2,2,24,0,35,16,52,16,2,5,3.27,3.29,1.16,40,19,41,0.278,100,670280
16,Logan Webb,SF,SP,SP,20.5,25,25,15,636,151.8,10,7,0,0,148,57,140,40,5,12,3.40,3.29,1.24,54,20,26,0.313,100,657277
17,Bryan Woo,SEA,SP,SP,20.4,25,25,13,590,141.9,10,7,0,0,127,62,141,34,6,20,3.93,3.57,1.13,38,20,42,0.269,100,693433
18,Zack Wheeler,PHI,SP,SP,19.9,21,21,12,480,117.2,8,5,0,0,95,42,131,32,6,13,3.21,3.15,1.08,41,19,39,0.275,100,10310
19,Joe Ryan,MIN,SP,SP,19.9,24,24,13,549,133.3,8,7,0,0,113,56,145,35,6,18,3.76,3.57,1.10,33,20,47,0.272,100,657746
20,Cole Ragans,KC,SP,SP,19.0,23,23,13,505,122.0,8,6,0,0,94,44,150,51,4,13,3.22,3.43,1.18,38,19,43,0.283,100,666142
21,George Kirby,SEA,SP,SP,19.0,25,25,13,581,139.4,9,6,0,0,132,58,135,29,6,17,3.77,3.50,1.16,43,20,37,0.287,100,669923
22,Max Fried,NYY,SP,SP,18.9,24,24,14,568,135.7,10,6,0,0,122,51,128,41,6,13,3.35,3.42,1.20,50,20,30,0.284,100,608331
23,Dylan Cease,TOR,SP,SP,18.7,24,24,13,533,126.7,8,6,0,0,102,49,156,52,4,14,3.45,3.41,1.21,39,19,42,0.284,100,656302
24,Freddy Peralta,NYM,SP,SP,18.1,25,25,13,591,139.2,9,6,0,0,116,60,154,55,7,18,3.89,3.73,1.23,38,20,43,0.271,100,642547
25,Ryan Helsley,BAL,RP,RP,18.0,53,0,0,222,53.2,3,2,21,0,41,19,64,23,2,5,3.27,3.32,1.21,40,19,41,0.282,100,664854
26,Framber Valdez,DET,SP,SP,17.6,25,25,15,635,150.6,10,7,0,0,137,60,136,54,6,12,3.57,3.40,1.27,55,20,25,0.294,100,664285
27,Aroldis Chapman,BOS,RP,RP,17.5,53,0,0,197,47.5,3,2,20,1,32,15,66,23,2,4,2.88,3.00,1.15,38,20,42,0.272,100,10233
28,Shota Imanaga,CHC,SP,SP,17.3,25,25,13,585,140.6,9,7,0,0,127,63,133,33,4,22,4.02,3.86,1.14,32,20,48,0.267,100,684007
29,Kevin Gausman,TOR,SP,SP,16.5,25,25,13,598,141.7,9,7,0,0,128,62,143,44,3,19,3.91,3.63,1.21,38,20,42,0.278,100,14107
30,Tyler Glasnow,LAD,SP,SP,16.3,20,20,11,450,108.9,8,4,0,0,84,41,129,40,3,12,3.42,3.03,1.14,44,19,37,0.270,100,14374
31,Bryan Baker,TB,RP,RP,16.3,53,0,0,223,53.2,3,3,20,16,44,22,61,21,2,6,3.64,3.56,1.22,38,20,43,0.273,99,641329
32,Daniel Palencia,CHC,RP,RP,14.9,40,0,0,170,40.2,2,2,20,3,33,16,46,18,2,4,3.68,3.65,1.26,39,19,42,0.279,100,694037
33,Shohei Ohtani,LAD,SP,SP,13.4,20,20,11,414,101.0,7,4,0,0,81,37,118,33,4,12,3.25,3.15,1.12,42,19,39,0.278,100,660271
34,MacKenzie Gore,TEX,SP,SP,13.4,25,25,13,551,130.5,8,7,0,0,111,54,152,54,5,16,3.71,3.74,1.26,39,19,42,0.290,100,669022
35,Nolan McLean,NYM,SP,SP,13.4,24,24,13,560,131.5,9,6,0,0,117,53,135,52,7,13,3.61,3.64,1.28,50,21,29,0.293,100,690997
36,Michael King,SD,SP,SP,13.2,25,25,13,581,136.6,9,7,0,0,119,59,144,52,7,17,3.86,3.76,1.26,41,20,40,0.280,100,650633
37,Luis Castillo,SEA,SP,SP,13.0,25,25,13,615,144.4,10,7,0,0,138,66,138,44,6,20,4.14,4.02,1.27,40,20,40,0.285,100,15689
38,Nathan Eovaldi,TEX,SP,SP,12.9,22,22,12,521,125.4,8,6,0,0,114,51,123,34,5,15,3.63,3.49,1.18,46,20,34,0.286,100,9132
39,Raisel Iglesias,ATL,RP,RP,12.0,43,0,0,178,42.7,2,2,17,4,36,17,47,13,2,5,3.59,3.36,1.14,36,20,45,0.273,100,17130
40,Emilio Pagan,CIN,RP,RP,12.0,53,0,0,225,53.2,3,3,17,5,44,24,57,21,2,8,3.99,4.05,1.23,30,20,50,0.257,100,641941
41,Brandon Woodruff,MIL,SP,SP,11.6,24,24,12,543,130.1,8,7,0,0,116,57,132,37,5,19,3.97,3.86,1.18,36,20,45,0.272,100,605540
42,Josh Hader,HOU,RP,RP,11.1,37,0,0,153,36.9,2,2,16,3,25,13,51,16,2,5,3.27,3.12,1.11,30,20,51,0.251,100,14212
43,Hunter Brown,HOU,SP,SP,10.7,20,20,11,470,112.0,7,5,0,0,96,44,126,41,4,12,3.53,3.44,1.22,47,19,34,0.286,100,686613
44,Kenley Jansen,DET,RP,RP,10.4,46,0,0,196,46.2,2,2,16,1,36,21,49,18,2,6,4.08,3.70,1.19,29,20,52,0.251,100,3096
45,Matthew Boyd,CHC,SP,SP,10.1,24,24,12,540,128.5,8,6,0,0,119,55,123,41,5,16,3.82,4.01,1.25,37,20,43,0.288,100,15440
46,Edwin Diaz,LAD,RP,RP,10.0,28,0,0,114,27.9,2,1,16,0,20,9,38,11,1,3,3.02,2.84,1.10,41,19,40,0.278,43,14710
47,Pete Fairbanks,MIA,RP,RP,9.8,37,0,0,154,36.8,2,2,16,4,30,15,40,14,1,4,3.55,3.49,1.21,40,19,41,0.280,100,664126
48,Kyle Bradish,BAL,SP,SP,9.8,23,23,12,511,121.7,8,6,0,0,108,49,127,44,5,14,3.62,3.63,1.25,45,20,35,0.293,100,680694
49,Spencer Strider,ATL,SP,SP,9.7,20,20,10,456,108.4,7,5,0,0,89,46,128,42,5,14,3.81,3.66,1.21,36,19,45,0.279,100,675911
50,Aaron Nola,PHI,SP,SP,9.4,24,24,12,543,129.1,8,6,0,0,124,56,126,37,4,18,3.90,3.99,1.24,42,20,38,0.295,83,16149
51,Emmet Sheehan,LAD,SP,SP,9.3,21,21,11,461,109.7,8,5,0,0,92,47,121,40,5,16,3.82,3.69,1.20,37,19,44,0.271,100,686218
52,Ranger Suarez,BOS,SP,SP,9.2,24,24,13,558,133.3,8,7,0,0,130,53,118,41,4,14,3.55,3.94,1.28,47,20,33,0.305,100,624133
53,Carlos Rodon,NYY,SP,SP,8.6,21,21,11,495,116.1,8,6,0,0,97,51,126,45,5,16,3.97,3.79,1.23,37,20,44,0.266,100,16137
54,Robbie Ray,SF,SP,SP,8.5,25,25,12,602,139.2,8,8,0,0,119,66,147,58,6,19,4.29,4.07,1.27,34,20,47,0.272,100,11486
55,Jose Soriano,LAA,SP,SP,8.3,25,25,13,575,134.5,8,7,0,0,119,53,133,61,6,11,3.55,3.56,1.33,56,19,25,0.293,100,667755
56,Chase Burns,CIN,SP,SP,8.3,21,21,11,457,110.8,6,6,0,0,97,42,124,38,3,14,3.44,3.74,1.22,42,21,37,0.296,100,695505
57,Jack Flaherty,DET,SP,SP,8.2,25,25,12,563,130.5,8,7,0,0,114,58,142,54,6,17,4.03,3.95,1.29,39,20,41,0.284,80,656427
58,Shane McClanahan,TB,SP,SP,8.0,21,21,11,451,108.6,6,6,0,0,91,43,122,38,3,12,3.52,3.41,1.19,43,19,37,0.278,100,663556
59,Tanner Bibee,CLE,SP,SP,7.5,25,25,13,595,139.4,8,8,0,0,133,63,133,46,6,19,4.09,4.15,1.28,39,20,41,0.288,100,676440
60,Riley O’Brien,STL,RP,RP,7.5,53,0,0,225,53.2,3,2,13,5,45,20,56,23,3,4,3.37,3.44,1.27,51,20,29,0.295,100,676617
61,Drew Rasmussen,TB,SP,SP,7.2,24,24,12,500,119.5,7,7,0,0,108,50,116,33,4,14,3.73,3.42,1.18,46,20,35,0.280,100,656876
62,Jeff Hoffman,TOR,RP,RP,7.1,53,0,0,199,47.9,3,2,12,12,37,17,62,19,2,5,3.28,3.23,1.16,37,20,44,0.280,92,17432
63,Casey Mize,DET,SP,SP,7.0,24,24,12,544,128.8,8,7,0,0,121,57,120,39,4,16,3.95,3.91,1.25,41,20,40,0.291,100,663554
64,Cam Schlittler,NYY,SP,SP,6.8,22,22,11,491,116.5,8,5,0,0,104,48,118,43,5,14,3.72,3.82,1.26,46,21,34,0.289,100,693645
65,Eury Perez,MIA,SP,SP,6.6,24,24,11,514,121.4,6,7,0,0,99,56,133,46,5,17,4.12,3.79,1.19,31,19,50,0.263,100,691587
66,Ryan Weathers,NYY,SP,SP,6.2,21,21,11,472,111.8,7,5,0,0,100,47,114,39,5,15,3.75,3.86,1.24,42,20,38,0.281,100,677960
67,Nick Lodolo,CIN,SP,SP,5.9,21,21,11,481,114.5,7,6,0,0,105,48,116,34,9,15,3.76,3.95,1.21,43,20,38,0.289,100,666157
68,Lucas Erceg,KC,RP,RP,5.9,53,0,0,226,53.2,3,2,12,5,47,21,53,23,3,5,3.49,3.83,1.30,46,19,34,0.295,99,668674
69,Yusei Kikuchi,LAA,SP,SP,5.8,24,24,12,560,132.6,8,7,0,0,123,59,136,51,4,19,4.02,4.26,1.32,40,20,40,0.294,28,579328
70,Seranthony Dominguez,CHW,RP,RP,5.6,53,0,0,203,47.5,2,2,12,5,37,20,54,24,2,6,3.81,3.77,1.30,39,20,41,0.270,100,622554
71,Gavin Williams,CLE,SP,SP,5.4,25,25,12,556,129.5,7,7,0,0,110,57,140,61,5,16,3.98,3.95,1.32,41,20,40,0.278,100,668909
72,Zac Gallen,ARI,SP,SP,5.3,26,26,13,604,140.3,9,7,0,0,138,66,128,47,5,17,4.23,4.02,1.32,42,20,38,0.298,90,668678
73,Blake Snell,LAD,SP,SP,5.1,17,17,9,384,90.6,7,3,0,0,71,35,111,42,3,10,3.44,3.37,1.25,43,19,38,0.279,100,13543
74,Dennis Santana,PIT,RP,RP,5.1,53,0,0,227,52.8,3,3,12,11,46,24,48,22,2,6,4.07,3.88,1.28,38,20,42,0.273,100,642701
75,Trevor Megill,MIL,RP,RP,5.0,54,0,0,224,53.6,3,3,10,11,42,21,66,21,2,6,3.51,3.29,1.18,37,19,44,0.273,96,656730
76,Sonny Gray,BOS,SP,SP,4.7,21,21,11,457,109.7,6,6,0,0,103,44,109,31,4,13,3.59,3.74,1.22,44,20,36,0.303,99,12768
77,Michael Wacha,KC,SP,SP,4.7,25,25,13,612,144.2,9,8,0,0,142,68,118,46,5,21,4.23,4.53,1.30,37,20,43,0.288,98,14078
78,Robert Suarez,ATL,RP,RP,4.7,53,0,0,219,52.8,3,2,10,11,44,20,58,17,2,6,3.45,3.27,1.16,40,19,40,0.279,100,663158
79,Bailey Ober,MIN,SP,SP,4.6,24,24,12,555,130.9,8,7,0,0,126,63,118,35,5,21,4.31,4.30,1.23,33,20,47,0.278,51,641927
80,Ryan Walker,SF,RP,RP,4.4,53,0,0,222,53.2,3,3,10,12,45,20,57,19,3,5,3.40,3.35,1.19,44,20,36,0.290,100,676254
81,Jacob Misiorowski,MIL,SP,SP,4.3,23,23,11,499,116.3,7,6,0,0,98,50,136,57,8,14,3.87,4.07,1.34,41,21,38,0.290,100,694819
82,Mitch Keller,PIT,SP,SP,4.1,25,25,13,612,143.1,9,8,0,0,140,68,121,47,8,17,4.28,4.17,1.30,43,20,38,0.296,94,656605
83,Ryan Pepiot,TB,SP,SP,4.0,22,22,11,507,118.7,7,7,0,0,103,54,127,47,5,17,4.12,3.99,1.26,36,20,45,0.270,45,686752
84,Shane Baz,BAL,SP,SP,3.9,24,24,12,552,129.1,8,7,0,0,121,60,123,49,6,17,4.18,4.16,1.32,41,20,39,0.291,94,669358
85,Hunter Greene,CIN,SP,SP,3.8,17,17,9,386,92.4,6,5,0,0,73,38,109,34,5,13,3.69,3.63,1.15,33,19,48,0.262,25,668881
86,Gerrit Cole,NYY,SP,SP,3.3,19,19,10,435,102.9,7,5,0,0,92,45,104,32,4,15,3.96,3.80,1.21,39,19,42,0.274,100,13125
87,Paul Sewald,ARI,RP,RP,2.8,47,0,0,201,46.9,2,2,10,5,40,23,48,17,2,7,4.32,4.18,1.22,28,20,52,0.266,99,13892
88,Kris Bubic,KC,SP,SP,2.8,21,21,11,485,115.0,7,6,0,0,104,48,112,45,4,13,3.72,4.06,1.30,44,20,36,0.294,100,663460
89,Jeffrey Springs,ATH,SP,SP,2.7,25,25,12,587,136.6,9,7,0,0,133,67,119,47,4,22,4.44,4.53,1.31,36,20,44,0.279,83,605488
90,Taj Bradley,MIN,SP,SP,2.6,24,24,11,537,126.1,7,7,0,0,116,59,124,49,4,17,4.19,4.10,1.30,39,19,42,0.286,98,671737
91,Trey Yesavage,TOR,SP,SP,2.5,23,23,11,503,117.5,7,6,0,0,105,53,125,52,4,15,4.03,4.05,1.33,41,21,38,0.289,100,702056
92,Tanner Scott,LAD,RP,RP,2.2,53,0,0,222,52.8,3,2,8,12,42,20,61,22,2,6,3.33,3.42,1.23,44,20,37,0.281,100,656945
93,Joe Musgrove,SD,SP,SP,2.0,21,21,10,463,109.7,7,6,0,0,104,48,104,30,7,14,3.96,3.84,1.23,43,20,37,0.289,8,12970
94,Sandy Alcantara,MIA,SP,SP,1.7,25,25,12,590,138.1,8,8,0,0,135,64,114,44,6,16,4.19,4.01,1.30,46,20,35,0.291,100,645261
95,Andrew Abbott,CIN,SP,SP,1.6,25,25,12,596,139.2,8,8,0,0,137,66,122,49,4,23,4.28,4.61,1.33,35,20,46,0.283,61,671096
96,Edward Cabrera,CHC,SP,SP,1.5,22,22,10,488,114.2,7,6,0,0,101,52,119,49,6,13,4.11,3.94,1.31,44,19,37,0.288,100,665795
97,Luis Severino,ATH,SP,SP,1.1,25,25,12,601,139.2,9,7,0,0,138,68,118,52,8,19,4.40,4.58,1.37,42,20,38,0.292,15,15890
98,Victor Vodnik,COL,RP,RP,1.0,53,0,0,228,52.8,3,3,9,11,50,22,49,26,2,5,3.80,4.44,1.44,47,20,34,0.315,67,680767
99,Jameson Taillon,CHC,SP,SP,0.8,22,22,11,554,129.9,9,7,0,0,130,66,104,36,4,20,4.57,4.36,1.28,37,20,43,0.279,45,11674
100,Nick Pivetta,SD,SP,SP,0.7,16,16,8,366,87.9,6,4,0,0,73,38,100,29,3,13,3.92,3.58,1.17,34,20,47,0.266,33,601713
101,Shane Bieber,TOR,SP,SP,0.4,19,19,10,424,100.7,6,5,0,0,97,43,94,26,3,12,3.84,3.65,1.22,46,20,34,0.291,25,669456
102,Bryan Abreu,HOU,RP,RP,0.2,53,0,0,222,52.8,3,2,6,12,40,20,70,26,3,5,3.34,3.38,1.23,39,20,42,0.280,18,650556
103,Seth Lugo,KC,SP,SP,-0.1,24,24,12,554,129.1,8,7,0,0,126,60,112,45,5,18,4.21,4.37,1.32,41,20,39,0.291,100,12447
104,Abner Uribe,MIL,RP,RP,-0.1,54,0,0,227,53.6,3,2,6,16,43,19,65,26,3,5,3.24,3.35,1.28,48,19,33,0.288,100,682842
105,Clayton Beeter,WSH,RP,RP,-0.2,41,0,0,177,40.9,2,2,8,9,33,18,45,23,2,4,3.85,3.92,1.35,41,20,39,0.276,32,690925
106,Merrill Kelly,ARI,SP,SP,-0.3,23,23,11,540,125.4,8,7,0,0,123,59,111,44,4,16,4.25,4.24,1.33,41,20,39,0.295,95,518876
107,Brady Singer,CIN,SP,SP,-0.3,25,25,12,577,134.1,8,8,0,0,137,63,119,44,8,20,4.21,4.45,1.35,44,20,36,0.299,42,663903
108,Noah Cameron,KC,SP,SP,-0.5,24,24,12,561,131.5,8,7,0,0,131,60,109,47,5,18,4.12,4.58,1.35,43,21,36,0.298,70,702070
109,Ryne Nelson,ARI,SP,SP,-0.9,24,24,11,544,127.7,8,7,0,0,126,62,106,40,4,17,4.35,4.31,1.30,38,20,43,0.290,74,669194
110,Grant Taylor,CHW,RP,RP,-0.9,55,3,1,271,65.8,4,3,4,6,54,23,79,26,2,6,3.16,3.26,1.21,45,21,34,0.301,14,691799
111,Gregory Soto,PIT,RP,RP,-1.0,53,0,0,200,47.5,3,2,6,17,38,18,53,21,3,4,3.38,3.45,1.24,44,20,36,0.290,55,642397
112,Cole Sands,MIN,RP,RP,-1.4,53,0,0,223,52.8,3,3,6,12,47,23,52,18,3,6,3.88,3.73,1.24,40,20,41,0.284,12,663485
113,Griffin Jax,TB,RP,RP,-1.6,53,0,0,219,53.2,3,2,4,5,42,18,67,19,2,5,3.09,3.02,1.15,44,19,37,0.288,11,643377
114,Garrett Cleavinger,TB,RP,RP,-1.6,43,0,0,162,38.5,2,2,6,9,29,15,49,18,2,4,3.45,3.41,1.22,40,20,41,0.274,3,664076
115,Reid Detmers,LAA,SP,SP,-1.6,21,21,10,454,107.1,6,6,0,0,97,47,112,43,5,14,3.97,4.16,1.30,39,20,42,0.290,100,672282
116,Chris Bassitt,BAL,SP,SP,-2.1,25,25,12,581,134.1,8,7,0,0,137,65,114,51,9,18,4.34,4.54,1.40,44,20,36,0.306,12,12304
117,Trevor Rogers,BAL,SP,SP,-2.1,23,23,11,503,117.5,7,6,0,0,114,53,100,42,4,15,4.07,4.18,1.33,43,20,37,0.293,98,669432
118,Jack Leiter,TEX,SP,SP,-2.1,24,24,11,535,123.8,7,7,0,0,113,60,122,55,6,18,4.39,4.42,1.36,38,20,43,0.283,96,683004
119,Hogan Harris,ATH,RP,RP,-2.2,53,0,0,230,53.2,3,3,6,16,47,24,52,27,2,6,4.11,4.35,1.39,39,20,41,0.281,3,663687
120,Jakob Junis,TEX,RP,RP,-2.3,49,0,0,207,48.8,2,2,6,14,47,22,42,14,2,7,4.12,3.97,1.25,41,20,39,0.281,80,596001
121,Louis Varland,TOR,RP,RP,-2.3,53,0,0,219,53.2,3,2,4,12,46,19,59,15,2,5,3.23,3.21,1.16,46,19,34,0.293,100,686973
122,Will Warren,NYY,SP,SP,-2.3,20,20,10,442,103.0,7,5,0,0,99,46,101,38,4,13,3.97,4.11,1.33,46,21,34,0.299,100,701542
123,Taylor Rogers,MIN,RP,RP,-2.4,53,0,0,205,47.5,2,2,6,12,43,21,48,23,3,5,3.98,4.14,1.37,40,20,40,0.292,4,13449
124,Clay Holmes,NYM,SP,SP,-2.4,24,24,11,530,121.9,8,6,0,0,117,55,101,51,7,11,4.03,3.87,1.38,55,20,26,0.293,100,605280
125,Kirby Yates,LAA,RP,RP,-2.7,37,0,0,159,36.9,2,2,6,8,30,16,43,18,2,5,3.92,3.99,1.32,36,20,44,0.278,48,9073
126,Gus Varland,WSH,RP,RP,-2.8,46,0,0,199,46.2,2,2,6,8,43,21,43,19,2,6,4.08,4.12,1.33,41,20,39,0.289,53,681402
127,Carlos Estevez,KC,RP,RP,-2.9,43,0,0,184,42.7,2,2,6,9,38,20,40,18,2,6,4.25,4.38,1.30,31,20,49,0.271,72,14542
128,Tyler Mahle,SF,SP,SP,-2.9,23,23,11,514,119.8,7,7,0,0,115,56,104,42,4,15,4.23,4.15,1.31,40,20,40,0.290,54,641816
129,Will Vest,DET,RP,RP,-2.9,53,0,0,220,52.8,3,2,4,17,46,19,55,18,2,4,3.25,3.24,1.21,49,20,32,0.294,8,676684
130,Reynaldo Lopez,ATL,SP,SP,-3.0,19,19,9,419,98.1,6,5,0,0,89,46,98,38,3,12,4.19,3.99,1.30,38,20,42,0.287,59,16400
131,Camilo Doval,NYY,RP,RP,-3.2,53,0,0,225,52.8,3,2,4,11,43,20,61,26,3,5,3.48,3.54,1.30,48,20,33,0.285,4,666808
132,Joel Kuhnel,ATH,RP,RP,-3.4,47,0,0,199,46.6,2,2,6,9,49,21,33,14,2,5,3.95,4.19,1.36,53,20,27,0.303,72,669270
133,Brayan Bello,BOS,SP,SP,-3.4,25,25,12,599,138.1,8,8,0,0,140,66,111,53,7,16,4.29,4.47,1.40,49,20,32,0.302,17,678394
134,Erik Miller,SF,RP,RP,-3.6,53,0,0,206,47.9,3,2,4,12,38,18,57,26,2,4,3.39,3.60,1.34,44,20,36,0.292,5,669062
135,Grayson Rodriguez,LAA,SP,SP,-3.6,17,17,9,382,90.5,5,5,0,0,80,38,95,33,3,12,3.79,3.83,1.26,42,19,39,0.285,13,680570
136,Hunter Harvey,CHC,RP,RP,-4.1,38,0,0,155,37.5,2,2,4,9,31,14,42,12,2,4,3.43,3.20,1.15,41,19,40,0.278,0,640451
137,Mark Leiter Jr.,ATH,RP,RP,-4.1,53,0,0,228,53.2,3,3,4,11,50,23,55,22,3,6,3.89,4.21,1.35,44,20,36,0.304,2,643410
138,Justin Sterner,ATH,RP,RP,-4.1,53,0,0,227,53.2,3,3,4,16,48,24,53,21,3,7,4.10,4.21,1.28,36,20,44,0.279,3,686993
139,David Peterson,NYM,SP,SP,-4.3,24,11,6,394,92.7,6,4,0,2,89,37,86,36,4,9,3.57,3.77,1.34,52,20,28,0.304,11,656849
140,Tatsuya Imai,HOU,SP,SP,-4.3,21,21,10,494,113.9,7,6,0,0,110,54,111,51,6,14,4.26,4.28,1.41,46,21,33,0.301,81,837227
141,Ben Brown,CHC,RP,RP,-4.4,34,1,1,231,56.1,3,3,2,5,47,21,64,19,2,6,3.42,3.30,1.17,41,19,40,0.288,56,676962
142,Cade Cavalli,WSH,SP,SP,-4.5,22,22,11,490,114.2,6,7,0,0,110,50,101,43,7,12,3.96,4.11,1.34,49,20,31,0.301,77,676917
143,Alex Vesia,LAD,RP,RP,-4.5,53,0,0,223,52.8,3,2,2,10,38,20,66,24,2,7,3.48,3.47,1.17,30,20,50,0.254,68,681911
144,Parker Messick,CLE,SP,SP,-4.6,20,20,10,436,102.4,6,6,0,0,99,44,97,37,5,12,3.85,4.16,1.33,45,21,34,0.302,100,800048
145,Kevin Kelly,TB,RP,RP,-4.7,47,0,0,198,46.6,2,2,4,5,45,20,42,14,3,5,3.86,3.75,1.25,48,20,32,0.289,1,687330
146,Robert Garcia,TEX,RP,RP,-4.8,42,0,0,160,37.8,2,2,4,8,33,15,41,16,1,4,3.55,3.70,1.28,43,20,38,0.286,5,676395
147,Garrett Whitlock,BOS,RP,RP,-4.8,53,0,0,218,52.8,3,2,2,17,44,19,59,17,2,5,3.26,3.34,1.16,42,20,38,0.289,6,676477
148,Fernando Cruz,NYY,RP,RP,-4.9,53,0,0,200,47.5,3,2,2,16,34,18,64,24,2,5,3.31,3.32,1.22,37,20,43,0.271,0,518585
149,Matt Brash,SEA,RP,RP,-4.9,52,0,0,221,52.4,3,2,2,17,42,20,63,22,3,5,3.36,3.21,1.22,46,20,35,0.279,1,666374
150,Ryne Stanek,STL,RP,RP,-5.0,47,0,0,181,41.9,2,2,4,14,35,19,45,21,2,5,4.01,4.13,1.34,33,20,48,0.280,1,15947
151,Keaton Winn,SF,RP,RP,-5.0,47,0,0,254,60.6,3,3,2,18,54,24,59,18,3,6,3.57,3.39,1.19,46,20,35,0.288,3,676775
152,Ben Joyce,LAA,RP,RP,-5.0,32,0,0,134,31.6,2,2,4,8,24,12,39,16,2,3,3.44,3.56,1.28,43,19,38,0.281,1,690829
153,Matt Svanson,STL,RP,RP,-5.1,53,0,0,208,47.9,2,2,4,8,45,21,44,21,3,5,3.99,4.14,1.39,48,21,31,0.303,0,694335
154,Justin Topa,MIN,RP,RP,-5.2,53,0,0,227,52.8,3,3,4,12,53,24,44,20,2,5,4.04,4.03,1.38,49,20,31,0.305,0,623437
155,Slade Cecconi,CLE,SP,SP,-5.2,24,24,11,538,125.1,7,8,0,0,128,64,105,37,5,20,4.57,4.50,1.32,39,20,41,0.289,11,677944
156,Mike Burrows,HOU,SP,SP,-5.2,21,21,9,453,105.5,6,6,0,0,104,50,104,39,4,16,4.24,4.40,1.35,41,21,38,0.297,78,681347
157,Caleb Kilian,SF,RP,RP,-5.3,47,0,0,200,46.6,2,2,4,10,44,21,39,17,3,5,4.10,4.00,1.30,44,20,36,0.286,3,668873
158,Tyler Alexander,TEX,RP,RP,-5.4,46,0,0,197,46.2,2,2,4,7,47,22,39,13,2,7,4.27,4.40,1.30,36,21,44,0.288,3,641302
159,Blake Treinen,LAD,RP,RP,-5.6,53,0,0,224,52.8,3,2,2,13,46,22,58,21,2,6,3.69,3.61,1.27,43,20,37,0.292,2,12572
160,Sean Manaea,NYM,RP,RP,-5.6,37,4,2,294,70.8,4,3,0,3,60,29,78,23,4,9,3.66,3.58,1.17,38,20,42,0.280,1,15873
161,Luke Weaver,NYM,RP,RP,-5.6,53,0,0,225,53.2,3,3,2,13,45,23,55,18,2,7,3.85,3.58,1.19,35,20,45,0.263,13,16918
162,Kevin Ginkel,ARI,RP,RP,-5.7,54,0,0,226,53.6,3,3,2,9,47,22,56,20,2,5,3.64,3.57,1.26,42,20,39,0.297,0,656464
163,Orion Kerkering,PHI,RP,RP,-5.7,53,0,0,224,53.2,3,3,2,9,45,21,56,22,3,6,3.61,3.71,1.25,42,20,38,0.282,0,689147
164,Andrew Kittredge,BAL,RP,RP,-5.8,53,0,0,223,53.2,3,2,2,16,48,22,52,17,2,6,3.69,3.52,1.22,44,20,36,0.288,0,12828
165,Jose Alvarado,PHI,RP,RP,-5.8,53,0,0,201,47.9,3,2,2,13,40,18,55,21,2,5,3.29,3.58,1.27,47,20,34,0.297,1,621237
166,Edwin Uceta,TB,RP,RP,-5.8,25,0,0,103,24.7,1,1,4,5,20,10,29,10,1,3,3.72,3.66,1.20,35,20,46,0.270,11,670955
167,Bryce Elder,ATL,SP,SP,-5.9,29,16,7,396,92.2,8,7,0,0,97,44,77,31,4,11,4.32,4.25,1.39,48,20,32,0.306,98,693821
168,Max Meyer,MIA,SP,SP,-6.1,19,19,9,408,96.2,5,6,0,0,90,43,91,34,4,11,4.01,4.01,1.29,45,20,36,0.295,100,676974
169,Davis Martin,CHW,SP,SP,-6.2,24,24,11,544,126.1,7,8,0,0,126,62,102,45,6,18,4.39,4.37,1.35,43,20,37,0.290,61,663436
170,Jose A. Ferrer,SEA,RP,RP,-6.2,52,0,0,221,52.4,3,2,2,7,50,20,50,17,3,5,3.46,3.57,1.27,52,20,29,0.301,0,678606
171,Bryce Miller,SEA,SP,SP,-6.3,18,18,8,416,96.7,6,5,0,0,92,48,88,32,4,15,4.45,4.15,1.28,38,20,43,0.275,56,682243
172,Spencer Schwellenbach,ATL,SP,SP,-6.4,12,12,7,280,67.8,5,3,0,0,62,27,66,17,3,8,3.62,3.49,1.17,44,19,36,0.289,4,680885
173,Dustin May,STL,SP,SP,-6.5,20,20,10,468,108.0,6,6,0,0,104,52,95,41,6,13,4.33,4.25,1.34,42,19,38,0.292,55,669160
174,Andrew Nardi,MIA,RP,RP,-6.5,46,0,0,176,41.6,2,2,2,15,33,17,49,19,2,5,3.65,3.75,1.26,37,20,44,0.281,0,677053
175,Hunter Gaddis,CLE,RP,RP,-6.5,52,0,0,224,52.4,3,3,2,17,48,24,51,18,3,7,4.10,4.13,1.26,35,20,46,0.276,0,683769
176,Bryan King,HOU,RP,RP,-6.5,53,0,0,201,47.5,3,2,2,15,44,19,48,17,3,5,3.62,3.92,1.28,44,21,35,0.298,6,687911
177,Landen Roupp,SF,SP,SP,-6.5,20,20,9,433,100.0,5,6,0,0,91,45,96,43,4,10,4.03,3.90,1.34,45,20,35,0.293,100,694738
178,Kyle Finnegan,DET,RP,RP,-6.6,53,0,0,225,52.8,3,3,2,11,46,23,51,22,2,6,3.86,3.72,1.29,45,20,36,0.281,6,640448
179,Tyler Wells,BAL,RP,RP,-6.6,49,3,1,307,74.4,4,4,0,20,69,33,70,20,3,12,4.01,4.06,1.19,31,20,49,0.267,0,669330
180,Justin Lawrence,PIT,RP,RP,-6.7,53,0,0,228,52.8,3,3,2,13,46,23,52,25,3,5,3.83,3.90,1.35,46,20,34,0.294,0,664875
181,Joey Cantillo,CLE,SP,SP,-6.7,29,16,7,408,95.5,5,5,0,1,86,42,101,44,3,12,3.93,4.22,1.36,42,21,37,0.295,98,676282
182,Matt Strahm,KC,RP,RP,-6.8,53,0,0,199,47.9,3,2,1,21,39,19,52,17,2,6,3.57,3.66,1.15,31,20,50,0.268,0,13799
183,Antonio Senzatela,COL,RP,RP,-6.8,46,0,0,237,55.4,3,3,3,6,60,25,39,17,2,7,4.13,4.69,1.39,44,20,36,0.313,13,15488
184,Chris Martin,TEX,RP,RP,-6.8,37,0,0,153,37.3,2,2,2,8,34,14,38,9,1,4,3.40,3.30,1.15,44,20,36,0.291,1,455119
185,A.J. Puk,ARI,RP,RP,-6.8,35,0,0,146,35.2,2,2,2,7,29,13,40,13,2,4,3.42,3.46,1.18,39,20,41,0.287,0,640462
186,Rico Garcia,BAL,RP,RP,-6.8,47,0,0,199,46.6,2,2,2,14,39,20,48,20,2,6,3.93,3.95,1.27,38,20,42,0.271,0,670329
187,Angel Zerpa,MIL,RP,RP,-6.9,54,0,0,203,48.2,3,2,2,11,46,19,46,19,2,5,3.56,3.79,1.33,51,20,29,0.302,0,672582
188,Calvin Faucher,MIA,RP,RP,-6.9,53,0,0,229,52.8,3,3,2,11,47,24,53,25,2,5,4.00,3.94,1.36,44,20,36,0.292,0,676534
189,Brad Keller,PHI,RP,RP,-7.0,53,0,0,229,53.2,3,3,2,15,50,23,47,21,2,6,3.94,4.01,1.34,49,20,31,0.290,96,641745
190,Phil Maton,CHC,RP,RP,-7.0,53,0,0,204,47.5,2,2,2,12,43,21,50,20,4,5,3.89,4.12,1.34,43,21,37,0.300,14,664208
191,Shawn Armstrong,CLE,RP,RP,-7.1,41,0,0,172,40.5,2,2,2,8,35,18,42,15,2,5,3.94,3.75,1.22,37,20,43,0.270,0,12857
192,Jonathan Loaisiga,ARI,RP,RP,-7.1,47,0,0,198,46.9,2,2,2,7,45,19,41,16,2,4,3.67,3.76,1.30,49,20,31,0.306,0,642528
193,Enyel De Los Santos,HOU,RP,RP,-7.1,53,0,0,227,52.8,3,3,2,13,49,25,51,21,2,8,4.29,4.36,1.33,36,20,45,0.279,79,660853
194,Caleb Thielbar,CHC,RP,RP,-7.2,41,0,0,157,37.1,2,2,2,9,31,15,40,15,1,5,3.75,3.71,1.23,36,20,44,0.271,14,573204
195,Matthew Liberatore,STL,SP,SP,-7.2,24,24,11,539,124.3,7,7,0,0,125,63,99,45,5,17,4.53,4.44,1.36,40,20,40,0.292,36,669461
196,Anthony Bender,MIA,RP,RP,-7.2,53,0,0,205,47.5,2,2,2,6,43,21,46,21,2,5,4.00,3.91,1.34,44,20,36,0.290,0,669622
197,Erik Sabrowski,CLE,RP,RP,-7.2,52,0,0,226,52.4,3,3,1,21,41,22,65,30,2,6,3.79,4.06,1.36,35,21,43,0.280,2,681870
198,Kody Funderburk,MIN,RP,RP,-7.2,53,0,0,228,52.8,3,3,2,11,49,22,49,25,3,5,3.74,4.02,1.40,50,20,30,0.303,0,681892
199,Michael McGreevy,STL,SP,SP,-7.2,21,21,10,488,115.0,7,6,0,0,123,53,78,30,4,13,4.18,4.23,1.33,49,21,30,0.304,50,700241
200,Grant Holmes,ATL,SP,SP,-7.3,29,16,7,422,97.8,6,5,0,1,94,46,94,40,4,12,4.25,4.21,1.36,43,21,36,0.297,88,16944
201,Foster Griffin,WSH,SP,SP,-7.3,20,20,9,419,99.0,5,6,0,0,95,44,85,31,5,12,3.98,3.97,1.27,45,20,35,0.292,73,656492
202,Kai-Wei Teng,HOU,RP,RP,-7.3,49,3,1,314,73.1,4,4,0,9,66,33,75,33,5,9,4.00,4.21,1.34,42,20,38,0.289,0,678906
203,Didier Fuentes,ATL,RP,RP,-7.3,46,7,3,304,72.6,4,4,0,18,69,33,72,25,4,10,4.15,4.23,1.30,39,21,41,0.296,55,800311
204,Yimi Garcia,TOR,RP,RP,-7.4,43,0,0,178,42.5,2,2,1,10,34,17,49,16,2,5,3.61,3.48,1.19,38,20,42,0.271,0,12095
205,Dylan Lee,ATL,RP,RP,-7.4,53,0,0,219,52.8,3,2,0,5,44,21,58,17,2,7,3.54,3.43,1.15,36,20,44,0.272,0,669276
206,Danny Coulombe,BOS,RP,RP,-7.5,46,0,0,178,41.6,2,2,2,10,39,18,39,17,2,5,3.86,4.21,1.34,42,20,38,0.294,0,13293
207,Drew Anderson,DET,RP,RP,-7.5,36,3,1,236,55.9,3,3,0,7,46,23,62,22,3,6,3.65,3.40,1.21,42,20,38,0.282,0,623454
208,Cole Winn,TEX,RP,RP,-7.5,53,0,0,230,52.8,3,3,2,10,49,26,49,25,3,7,4.34,4.37,1.39,41,20,40,0.279,4,668390
209,Nick Mears,KC,RP,RP,-7.5,53,0,0,226,53.2,3,3,1,9,46,23,53,23,2,6,3.94,3.98,1.29,38,20,42,0.277,0,683232
210,Scott Barlow,ATH,RP,RP,-7.6,53,0,0,211,47.9,2,2,2,16,42,22,50,26,3,6,4.20,4.33,1.42,42,20,37,0.282,0,605130
211,Ryan Thompson,ARI,RP,RP,-7.6,54,0,0,230,53.6,3,3,2,9,54,24,43,19,2,5,4.07,4.11,1.37,49,21,30,0.308,0,657044
212,Braxton Ashcraft,PIT,SP,SP,-7.6,29,16,8,383,90.9,5,5,0,3,86,39,82,32,4,9,3.82,3.95,1.30,46,21,33,0.304,100,677952
213,Eric Orze,MIN,RP,RP,-7.6,53,0,0,205,47.5,2,2,2,11,45,21,46,22,2,5,4.05,4.31,1.41,43,21,36,0.301,0,679358
214,Zach Agnos,COL,RP,RP,-7.6,46,0,0,201,46.2,2,2,3,0,49,23,37,20,2,7,4.44,5.27,1.48,40,21,39,0.315,0,688642
215,Nick Martinez,TB,SP,SP,-7.7,24,24,10,538,124.3,7,8,0,0,128,63,96,38,5,18,4.58,4.39,1.34,41,20,39,0.285,40,12730
216,Isaac Mattson,PIT,RP,RP,-7.7,53,0,0,231,52.8,3,3,2,17,48,26,47,25,2,7,4.43,4.53,1.38,34,21,45,0.278,0,676755
217,Drew Pomeranz,LAA,RP,RP,-7.8,52,0,0,201,47.2,2,2,1,14,41,20,49,18,2,7,3.88,4.07,1.26,36,20,44,0.278,1,11426
218,Elvis Alvarado,ATH,RP,RP,-7.8,53,0,0,233,53.2,3,3,2,6,50,26,53,29,3,7,4.37,4.82,1.49,41,21,38,0.298,0,665660
219,Jeremiah Estrada,SD,RP,RP,-7.8,43,0,0,179,43.0,2,2,0,9,31,16,57,20,2,5,3.34,3.22,1.18,35,20,46,0.269,1,669093
220,Adrian Morejon,SD,RP,RP,-7.8,53,0,0,221,53.2,3,2,0,16,46,20,55,19,2,5,3.33,3.29,1.21,47,20,33,0.288,0,670970
221,Gabe Speier,SEA,RP,RP,-7.9,52,0,0,197,47.2,3,2,0,16,39,19,54,16,2,5,3.53,3.34,1.17,41,20,39,0.276,0,642100
222,Tyler Rogers,TOR,RP,RP,-7.9,53,0,0,206,47.9,2,2,2,21,51,21,33,12,2,5,3.99,3.89,1.32,53,21,26,0.297,3,643511
223,PJ Poulin,WSH,RP,RP,-7.9,53,0,0,206,47.5,2,2,2,8,45,21,43,22,2,5,4.02,4.38,1.41,45,21,34,0.299,0,676571
224,Brent Headrick,NYY,RP,RP,-7.9,46,0,0,197,46.2,2,2,1,7,42,20,47,17,2,6,3.86,4.04,1.27,38,20,42,0.281,0,687396
225,Chad Patrick,MIL,SP,SP,-7.9,24,11,5,366,87.0,7,6,0,0,90,41,79,29,4,13,4.26,4.70,1.37,37,21,42,0.289,83,694477
226,Steven Matz,TB,SP,SP,-8.0,20,20,9,425,100.0,5,6,0,0,98,47,86,32,4,13,4.18,4.15,1.30,43,20,37,0.286,86,13361
227,Jacob Webb,CHC,RP,RP,-8.0,46,0,0,180,41.6,2,2,2,8,38,20,40,18,2,6,4.34,4.38,1.36,35,20,44,0.280,0,657097
228,Juan Morillo,ARI,RP,RP,-8.0,47,0,0,204,46.9,2,2,2,19,45,21,43,24,2,4,3.98,4.40,1.47,49,21,30,0.318,2,666661
229,Spencer Arrighetti,HOU,SP,SP,-8.0,26,13,6,394,91.1,6,5,0,1,81,44,95,42,6,13,4.39,4.35,1.35,37,20,43,0.280,100,681293
230,Chase Dollander,COL,RP,RP,-8.0,37,4,2,294,69.5,3,4,0,0,65,30,67,28,4,9,3.88,4.45,1.34,42,21,37,0.307,98,801403
231,Justin Verlander,DET,SP,SP,-8.1,20,20,9,450,104.4,6,6,0,0,102,52,86,35,4,15,4.47,4.51,1.31,33,20,47,0.282,0,8700
232,Eduardo Rodriguez,ARI,SP,SP,-8.1,23,23,10,492,114.0,6,7,0,0,115,55,97,43,3,15,4.36,4.50,1.39,40,20,40,0.303,62,13164
233,Justin Steele,CHC,SP,SP,-8.1,13,13,7,297,71.0,5,3,0,0,66,29,68,22,3,8,3.70,3.62,1.23,45,20,35,0.292,29,657006
234,Jacob Lopez,ATH,SP,SP,-8.2,21,21,9,463,106.5,6,6,0,0,98,53,102,51,6,16,4.46,4.78,1.40,36,20,44,0.284,12,682052
235,Kyle Freeland,COL,SP,SP,-8.3,25,25,12,580,135.5,7,9,0,0,150,65,98,37,6,20,4.31,4.88,1.38,41,20,39,0.315,0,607536
236,Aaron Ashby,MIL,RP,RP,-8.3,54,0,0,229,53.6,3,3,0,5,47,20,61,27,3,4,3.38,3.67,1.37,53,20,27,0.307,14,676879
237,Justin Martinez,ARI,RP,RP,-8.3,21,0,0,89,21.2,1,1,2,4,16,7,27,12,1,1,3.03,3.25,1.29,49,19,31,0.300,0,679885
238,Nick Sandlin,LAA,RP,RP,-8.3,46,0,0,180,41.3,2,2,2,11,38,20,40,21,3,6,4.39,4.71,1.42,40,20,40,0.287,0,680704
239,Brandyn Garcia,ARI,RP,RP,-8.3,41,0,0,179,41.0,2,2,2,10,41,18,37,20,3,4,3.84,4.38,1.47,50,21,28,0.322,0,805299
240,Roki Sasaki,LAD,SP,SP,-8.3,19,19,8,408,94.4,6,5,0,0,92,45,87,39,5,13,4.33,4.26,1.38,46,21,33,0.297,38,808963
241,Pierce Johnson,CIN,RP,RP,-8.4,53,0,0,226,53.2,3,3,0,8,46,23,58,22,2,7,3.86,4.02,1.29,36,20,44,0.279,0,13435
242,Michael Kelly,ATH,RP,RP,-8.4,47,0,0,206,46.8,2,2,2,9,45,24,42,22,2,6,4.53,4.61,1.43,39,20,41,0.284,0,547184
243,Bennett Sousa,HOU,RP,RP,-8.4,46,0,0,194,46.2,2,2,0,8,39,18,54,20,2,5,3.52,3.68,1.26,41,20,40,0.288,0,656986
244,Mason Montgomery,PIT,RP,RP,-8.4,53,0,0,222,52.8,3,3,0,15,46,21,57,23,2,6,3.63,3.99,1.31,40,21,39,0.304,2,682254
245,Keegan Akin,BAL,RP,RP,-8.5,53,0,0,227,53.2,3,3,0,11,47,22,55,21,2,7,3.76,3.93,1.28,38,20,42,0.283,0,669211
246,Aaron Bummer,ATL,RP,RP,-8.6,53,0,0,225,52.8,3,2,0,5,48,20,53,21,3,4,3.48,3.58,1.31,54,20,26,0.307,0,607481
247,Huascar Brazoban,NYM,RP,RP,-8.6,47,0,0,201,46.6,2,2,1,7,42,21,44,21,2,5,3.97,3.94,1.35,46,20,34,0.288,0,623211
248,Cody Laweryson,MIN,RP,RP,-8.6,32,0,0,167,38.4,2,2,2,6,38,19,33,15,2,5,4.36,4.48,1.38,41,21,38,0.294,0,689520
249,Tanner Banks,PHI,RP,RP,-8.7,53,0,0,226,53.2,3,3,0,6,49,23,51,18,2,7,3.80,3.95,1.27,40,20,40,0.289,0,621383
250,Julian Fernandez,WSH,RP,RP,-8.7,53,0,0,223,52.8,3,3,0,12,45,23,53,21,2,6,3.88,3.84,1.25,39,20,42,0.274,0,642759
251,Eduard Bazardo,SEA,RP,RP,-8.7,52,0,0,225,52.4,3,3,0,7,46,24,54,20,2,7,4.07,3.77,1.25,39,20,41,0.270,0,660825
252,Steven Okert,HOU,RP,RP,-8.8,53,0,0,202,47.5,2,2,0,12,39,21,52,20,2,7,4.00,4.08,1.24,30,20,50,0.260,0,13580
253,Jake Bird,NYY,RP,RP,-8.8,53,0,0,227,52.8,3,2,0,12,48,22,55,23,3,6,3.75,3.94,1.34,47,20,34,0.295,0,656234
254,Brock Burke,CIN,RP,RP,-8.8,53,0,0,226,53.2,3,3,0,8,49,22,52,20,2,7,3.77,4.14,1.31,42,20,38,0.290,0,656271
255,Tommy Nance,TOR,RP,RP,-8.8,53,0,0,227,53.2,3,3,0,6,50,22,51,19,3,5,3.78,3.69,1.29,49,20,31,0.296,0,667297
256,Tobias Myers,NYM,RP,RP,-8.8,36,3,1,230,54.3,3,3,0,3,51,24,48,15,2,7,4.03,3.90,1.22,39,20,41,0.277,0,668964
257,Anthony Nunez,BAL,RP,RP,-8.8,47,0,0,198,46.6,3,2,0,9,40,19,51,20,2,5,3.62,3.72,1.30,45,21,33,0.297,1,689296
258,Bubba Chandler,PIT,SP,SP,-8.9,22,22,10,507,116.5,6,7,0,0,112,57,103,53,6,15,4.43,4.61,1.41,42,21,38,0.296,99,696149
259,Paul Blackburn,NYY,RP,RP,-9.0,49,3,1,252,60.2,3,3,0,7,63,27,50,17,2,8,4.03,4.30,1.33,45,20,35,0.293,0,14739
260,Sean Newcomb,CHW,RP,RP,-9.0,49,3,1,249,59.2,3,3,0,7,57,25,56,26,3,7,3.79,4.21,1.39,46,20,34,0.300,0,16943
261,Jason Adam,SD,RP,RP,-9.0,47,0,0,199,46.6,2,2,0,19,40,20,49,19,3,5,3.86,3.71,1.26,41,20,39,0.279,1,592094
262,A.J. Minter,NYM,RP,RP,-9.0,43,0,0,161,38.3,2,2,0,12,31,15,43,15,1,4,3.47,3.38,1.19,38,20,42,0.273,0,621345
263,Aaron Civale,ATH,SP,SP,-9.0,20,20,9,451,104.0,6,6,0,0,105,53,89,35,5,17,4.61,4.65,1.35,37,20,43,0.286,2,650644
264,Tony Santillan,CIN,RP,RP,-9.0,53,0,0,231,53.2,3,3,0,21,46,24,56,26,3,7,4.02,4.27,1.34,37,20,43,0.274,12,663574
265,Jordan Leasure,CHW,RP,RP,-9.0,53,0,0,204,47.5,2,2,0,8,38,21,52,24,2,7,4.01,3.99,1.30,34,20,46,0.262,2,673929
266,Quinn Priester,MIL,SP,SP,-9.0,21,21,10,478,110.2,6,6,0,0,112,52,90,43,5,13,4.20,4.28,1.41,52,20,28,0.300,8,682990
267,Kyle Hart,SD,RP,RP,-9.1,49,3,1,294,69.4,4,4,0,15,71,32,58,25,3,9,4.17,4.32,1.37,43,21,36,0.290,0,606996
268,Jimmy Herget,COL,RP,RP,-9.1,54,1,1,250,59.3,3,3,0,16,59,27,50,20,3,9,4.07,4.71,1.33,36,20,44,0.294,0,623474
269,Tyler Kinley,ATL,RP,RP,-9.1,53,0,0,204,47.5,2,2,0,5,39,22,52,22,2,6,4.08,3.91,1.29,35,20,46,0.271,0,641755
270,Michael Soroka,ARI,SP,SP,-9.1,28,8,4,294,70.2,4,4,0,4,61,30,75,25,5,8,3.79,3.66,1.22,41,20,39,0.292,99,647336
271,Jared Koenig,MIL,RP,RP,-9.1,43,0,0,182,43.0,2,2,0,10,38,17,46,17,2,5,3.52,3.66,1.27,44,20,37,0.289,0,657649
272,Jovani Moran,BOS,RP,RP,-9.1,46,0,0,197,46.2,2,2,0,2,39,18,49,22,2,5,3.59,3.94,1.33,43,20,37,0.291,0,663558
273,Tyler Holton,DET,RP,RP,-9.1,53,0,0,224,52.8,3,3,0,10,50,22,45,17,2,6,3.83,3.85,1.27,46,20,34,0.290,0,663947
274,Luis Medina,ATH,RP,RP,-9.1,36,3,1,245,56.8,3,3,0,7,51,26,56,26,3,7,4.10,4.23,1.35,41,20,39,0.283,0,665622
275,Joel Peguero,SF,RP,RP,-9.1,43,0,0,169,38.3,2,2,2,10,39,19,31,17,2,4,4.52,4.57,1.45,45,21,34,0.302,0,666711
276,Ryan Fernandez,STL,RP,RP,-9.1,53,0,0,228,53.2,3,3,0,11,47,23,54,25,2,6,3.86,3.99,1.34,42,20,38,0.294,0,681676
277,Cooper Criswell,SEA,RP,RP,-9.1,37,4,2,246,57.7,3,3,0,7,58,26,49,18,3,7,4.09,3.92,1.30,48,20,31,0.291,0,681867
278,Connor Prielipp,MIN,RP,RP,-9.1,36,3,1,194,46.0,2,2,0,3,41,19,47,18,2,5,3.62,3.77,1.30,45,21,34,0.298,82,687570
279,Graham Ashcraft,CIN,RP,RP,-9.2,53,0,0,225,53.2,3,3,0,21,53,23,47,17,3,6,3.82,4.06,1.31,47,20,33,0.302,0,668933
280,Greg Weissert,BOS,RP,RP,-9.2,53,0,0,225,52.8,3,3,0,9,49,23,49,20,2,6,3.95,4.17,1.31,41,20,39,0.290,0,669711
281,Jonathan Bowlan,PHI,RP,RP,-9.2,47,0,0,197,46.6,2,2,0,2,43,19,44,16,2,6,3.72,3.88,1.25,44,20,37,0.286,0,680742
282,Braydon Fisher,TOR,RP,RP,-9.2,47,0,0,202,46.6,2,2,0,13,41,21,52,22,2,6,3.98,4.02,1.34,39,21,40,0.284,0,680755
283,Mason Fluharty,TOR,RP,RP,-9.2,47,0,0,201,46.6,2,2,0,14,41,20,50,21,2,6,3.85,4.11,1.34,40,21,39,0.287,0,689254
284,Blade Tidwell,SF,RP,RP,-9.2,35,1,1,243,56.5,3,3,0,6,53,26,52,22,3,7,4.12,4.27,1.33,40,21,39,0.294,0,694918
285,Brooks Raley,NYM,RP,RP,-9.3,53,0,0,205,47.9,2,2,0,16,42,21,48,19,3,5,3.90,3.83,1.29,40,21,39,0.280,0,548384
286,Daniel Lynch IV,KC,RP,RP,-9.3,53,0,0,225,53.2,3,3,0,9,51,23,44,18,2,7,3.94,4.22,1.29,43,20,38,0.288,1,663738
287,Matt Festa,CLE,RP,RP,-9.3,52,0,0,224,52.4,3,3,0,5,48,24,51,20,3,7,4.17,4.22,1.31,38,20,42,0.283,0,670036
288,Corbin Martin,CHC,RP,RP,-9.4,33,0,0,146,33.0,2,2,2,6,32,17,29,17,1,4,4.63,4.74,1.50,42,20,38,0.292,4,656686
289,Jose Urquidy,PIT,RP,RP,-9.4,46,0,0,232,55.4,3,3,0,8,54,26,46,16,2,8,4.26,4.25,1.25,35,20,45,0.286,0,664353
290,Yohan Ramirez,PIT,RP,RP,-9.4,46,0,0,199,46.2,2,2,0,5,41,20,45,21,4,4,3.86,3.97,1.33,46,20,34,0.295,0,670990
291,Adbert Alzolay,NYM,RP,RP,-9.5,43,0,0,181,42.8,2,2,0,4,39,19,42,15,2,5,4.02,3.84,1.25,40,20,40,0.279,0,640470
292,Jalen Beeks,TEX,RP,RP,-9.5,46,0,0,197,46.2,2,2,0,7,42,20,44,19,2,5,3.85,3.90,1.31,43,20,37,0.282,0,656222
293,Sam Hentges,SF,RP,RP,-9.5,37,0,0,156,37.2,2,2,0,4,32,14,38,14,1,3,3.43,3.39,1.24,48,20,33,0.294,0,656529
294,Brady Basso,ATH,RP,RP,-9.5,47,0,0,197,46.6,2,2,0,1,44,20,43,16,2,6,3.77,4.05,1.29,43,20,37,0.290,0,669620
295,Brant Hurter,DET,RP,RP,-9.5,46,0,0,196,46.2,2,2,0,5,44,19,40,15,3,5,3.69,3.82,1.28,49,21,30,0.298,0,676428
296,Connor Phillips,CIN,RP,RP,-9.5,53,0,0,234,53.2,3,3,0,8,45,25,56,29,3,8,4.28,4.46,1.39,37,20,44,0.270,0,683175
297,Justin Slaten,BOS,RP,RP,-9.5,43,0,0,179,42.5,2,2,0,9,38,18,42,16,2,5,3.72,3.87,1.25,41,20,40,0.285,0,686580
298,Joel Payamps,ATL,RP,RP,-9.6,53,0,0,204,47.5,2,2,0,5,45,22,44,17,2,6,4.17,4.11,1.31,40,20,41,0.289,0,606303
299,Dietrich Enns,BAL,RP,RP,-9.6,43,0,0,181,42.7,2,2,0,9,40,18,39,14,2,5,3.75,3.83,1.27,43,20,37,0.293,0,608650
300,Bryan Hudson,CHW,RP,RP,-9.6,46,0,0,196,46.2,2,2,0,7,41,19,46,21,2,5,3.71,4.07,1.36,45,20,35,0.295,0,663542
301,Ryan Zeferjahn,LAA,RP,RP,-9.6,52,0,0,228,52.4,2,3,0,10,46,24,57,28,3,7,4.19,4.54,1.43,39,21,40,0.291,0,666171
302,George Soriano,STL,RP,RP,-9.6,47,0,0,243,55.9,3,3,0,7,52,26,50,25,3,6,4.20,4.29,1.37,43,20,37,0.289,0,666277
303,JoJo Romero,STL,RP,RP,-9.6,53,0,0,206,47.9,2,2,0,21,44,20,44,20,2,5,3.76,3.91,1.34,47,20,33,0.293,7,668941
304,Osvaldo Bido,CHW,RP,RP,-9.6,34,1,1,239,56.1,3,3,0,14,53,28,51,22,3,9,4.44,4.51,1.33,33,20,47,0.269,0,674370
305,Jack Dreyer,LAD,RP,RP,-9.6,46,0,0,178,41.6,2,2,0,7,37,18,42,17,1,6,3.85,4.03,1.31,39,21,40,0.282,0,676263
306,Will Klein,LAD,RP,RP,-9.6,46,0,0,201,46.2,2,2,0,6,40,20,50,25,2,5,3.88,4.14,1.41,44,20,36,0.293,0,694361
307,Sam Bachman,LAA,RP,RP,-9.6,46,0,0,202,45.9,2,2,1,10,44,22,41,23,2,5,4.28,4.51,1.47,46,20,34,0.295,7,696147
308,Anthony Banda,MIN,RP,RP,-9.7,46,0,0,198,46.2,2,2,0,7,41,20,45,21,2,5,3.96,4.03,1.35,41,20,39,0.286,0,607455
309,Tim Hill,NYY,RP,RP,-9.7,53,0,0,229,52.8,3,3,1,16,57,24,31,18,2,5,4.02,4.19,1.41,57,21,23,0.297,0,657612
310,Yennier Cano,BAL,RP,RP,-9.7,47,0,0,177,41.9,2,2,0,6,39,17,40,16,2,4,3.56,3.63,1.31,52,20,28,0.301,0,666974
311,Edgardo Henriquez,LAD,RP,RP,-9.7,46,0,0,198,46.2,2,2,0,8,41,20,48,23,2,6,3.95,4.27,1.39,43,21,35,0.295,0,683618
312,Ryan Borucki,SF,RP,RP,-9.8,47,0,0,180,41.9,2,2,0,6,38,18,40,17,2,4,3.77,3.89,1.32,46,20,34,0.295,0,621366
313,Connor Brogdon,CLE,RP,RP,-9.8,46,0,0,196,45.9,2,2,0,7,42,22,45,18,2,7,4.24,4.24,1.30,36,20,44,0.275,0,641401
314,Alex Lange,KC,RP,RP,-9.8,47,0,0,182,41.9,2,2,0,9,36,17,47,23,2,4,3.75,4.13,1.41,45,20,35,0.303,0,656638
315,Jordan Hicks,CHW,RP,RP,-9.8,53,0,0,229,52.8,3,3,0,8,50,23,48,25,3,5,3.97,4.19,1.42,49,20,31,0.301,0,663855
316,Taylor Clarke,ARI,RP,RP,-9.8,47,0,0,199,46.9,2,2,0,14,46,21,38,13,2,6,4.09,3.98,1.25,41,20,39,0.283,0,664199
317,Zack Kelly,BOS,RP,RP,-9.8,46,0,0,199,46.2,2,2,0,5,42,21,44,21,2,5,4.02,4.33,1.37,42,20,38,0.292,0,677161
318,Justin Wrobleski,LAD,RP,RP,-9.8,36,3,1,196,46.3,3,2,0,3,45,20,40,16,2,6,3.97,4.17,1.33,44,21,35,0.294,93,680736
319,Colin Selby,BAL,RP,RP,-9.8,40,0,0,170,39.8,2,2,0,4,35,17,41,18,2,4,3.72,3.81,1.33,46,20,34,0.293,0,681882
320,David Morgan,SD,RP,RP,-9.8,53,0,0,231,53.2,3,3,0,8,50,24,53,26,3,6,4.12,4.29,1.42,45,21,34,0.303,0,688158
321,AJ Blubaugh,HOU,RP,RP,-9.8,48,1,1,244,57.3,3,3,0,8,55,28,53,25,2,8,4.36,4.64,1.40,38,21,41,0.284,0,805123
322,Cole Henry,WSH,RP,RP,-9.9,43,0,0,190,42.5,2,2,1,5,40,22,40,23,3,6,4.70,4.97,1.48,37,21,42,0.288,0,669371
323,Brenan Hanifee,DET,RP,RP,-9.9,53,0,0,226,52.8,3,3,0,11,54,23,40,16,2,5,3.92,3.87,1.33,52,20,28,0.300,0,669724
324,Grant Anderson,MIL,RP,RP,-9.9,47,0,0,202,46.9,2,2,0,13,43,22,46,20,2,6,4.13,4.22,1.36,42,20,37,0.286,0,681982
325,Hunter Barco,PIT,RP,RP,-9.9,36,3,1,213,49.3,3,3,0,6,47,22,44,22,3,5,3.98,4.38,1.40,45,21,34,0.304,0,682995
326,Kyle Nicolas,CIN,RP,RP,-9.9,47,0,0,203,46.6,2,2,0,7,41,21,48,26,2,6,4.11,4.50,1.44,40,20,41,0.288,0,693312
327,Craig Kimbrel,NYM,RP,RP,-10.0,40,0,0,155,35.9,2,2,0,8,29,16,42,18,2,4,4.03,3.89,1.32,35,20,45,0.273,0,6655
328,Brent Suter,LAA,RP,RP,-10.0,52,0,0,226,52.4,3,3,0,7,54,24,43,18,2,7,4.10,4.40,1.37,44,21,35,0.295,0,13942
329,Wandy Peralta,SD,RP,RP,-10.0,53,0,0,207,47.9,2,2,0,5,46,20,44,21,2,5,3.78,3.99,1.39,51,20,30,0.299,0,14295
330,Hoby Milner,CHC,RP,RP,-10.0,53,0,0,227,52.8,3,3,0,9,54,23,42,18,2,6,3.99,4.12,1.36,47,21,32,0.298,0,571948
331,Dean Kremer,BAL,SP,SP,-10.0,16,16,8,362,84.8,5,5,0,0,82,40,74,28,3,13,4.28,4.24,1.29,38,20,42,0.284,4,665152
332,John Schreiber,KC,RP,RP,-10.0,53,0,0,207,47.9,2,2,0,11,45,22,43,20,2,6,4.04,4.39,1.36,42,20,38,0.291,0,670167
333,Jack Perkins,ATH,RP,RP,-10.0,33,0,0,141,33.3,2,2,0,7,29,14,36,15,2,4,3.66,4.00,1.31,44,21,35,0.295,56,678022
334,Evan Phillips,LAD,RP,RP,-10.1,30,0,0,111,26.6,2,1,0,7,22,10,30,9,1,3,3.44,3.27,1.17,41,20,39,0.277,0,623465
335,Brusdar Graterol,LAD,RP,RP,-10.1,37,0,0,157,37.2,2,2,0,4,35,15,34,13,2,4,3.55,3.56,1.28,52,19,29,0.294,0,660813
336,Brendon Little,TOR,RP,RP,-10.1,41,0,0,159,36.9,2,2,0,9,33,14,41,21,2,3,3.44,3.86,1.44,54,20,26,0.310,0,663893
337,Lake Bachar,MIA,RP,RP,-10.1,46,0,0,179,41.6,2,2,0,5,37,19,41,18,2,5,4.20,4.30,1.33,37,21,41,0.283,0,669199
338,Mason Englert,TB,RP,RP,-10.1,43,0,0,181,42.5,2,2,0,4,41,20,39,14,2,6,4.20,4.17,1.31,40,20,40,0.287,0,669438
339,Kumar Rocker,TEX,SP,SP,-10.1,29,16,7,391,92.2,5,5,0,1,92,42,81,32,4,11,4.11,4.15,1.34,48,21,31,0.303,50,677958
340,Chase Silseth,LAA,RP,RP,-10.1,46,0,0,198,45.9,2,2,0,10,43,21,45,21,2,6,4.12,4.33,1.39,45,20,36,0.293,2,681217
341,Austin Warren,NYM,RP,RP,-10.1,40,0,0,171,39.9,2,2,0,4,37,18,37,15,2,5,4.07,3.97,1.29,41,20,39,0.280,0,681810
342,Evan Sisk,PIT,RP,RP,-10.1,46,0,0,179,41.6,2,2,0,6,39,17,40,19,2,4,3.63,4.09,1.41,50,21,29,0.316,0,681895
343,Brandon Eisert,CHW,RP,RP,-10.1,47,0,0,200,46.8,2,2,0,0,46,20,42,19,2,6,3.93,4.33,1.39,45,21,34,0.303,0,685126
344,Dylan Dodd,ATL,RP,RP,-10.1,37,0,0,154,36.7,2,2,0,4,35,15,32,10,1,4,3.77,3.82,1.23,42,20,38,0.288,0,689266
345,Gordon Graceffo,STL,RP,RP,-10.1,53,0,0,229,53.2,3,3,0,5,54,25,42,18,2,6,4.20,4.24,1.35,45,21,34,0.299,0,700669
346,Connelly Early,BOS,SP,SP,-10.1,26,13,6,336,79.2,4,4,0,1,73,32,77,33,5,8,3.68,4.21,1.33,47,21,33,0.304,100,813349
347,Ryan Brasier,TEX,RP,RP,-10.2,38,0,0,159,37.5,2,2,0,6,36,17,34,12,1,5,4.02,3.93,1.27,42,20,39,0.285,0,5615
348,Michael Petersen,MIA,RP,RP,-10.2,46,0,0,200,46.2,2,2,0,9,43,22,43,19,2,6,4.37,4.44,1.34,36,21,43,0.286,0,656848
349,Matt Gage,SF,RP,RP,-10.2,47,0,0,202,46.6,2,2,0,8,45,21,40,19,2,5,4.00,4.07,1.37,45,20,35,0.295,0,657424
350,Grant Wolfram,BAL,RP,RP,-10.2,47,0,0,180,41.9,2,2,0,12,41,18,40,18,2,5,3.85,4.33,1.40,45,21,34,0.313,0,664991
351,Colin Holderman,CLE,RP,RP,-10.2,39,0,0,169,39.3,2,2,0,6,36,17,39,17,2,4,3.96,4.01,1.35,45,20,36,0.290,0,670059
352,Juan Mejia,COL,RP,RP,-10.2,53,0,0,205,47.5,2,2,0,8,46,21,45,22,3,6,3.93,4.85,1.44,43,21,36,0.320,0,675848
353,Jaden Hill,COL,RP,RP,-10.2,46,0,0,199,46.2,2,2,0,18,46,20,42,20,3,5,3.96,4.60,1.42,46,21,33,0.321,0,677955
354,Tim Herrin,CLE,RP,RP,-10.2,46,0,0,180,41.3,2,2,0,5,37,18,43,21,2,4,3.96,4.12,1.40,44,20,36,0.291,0,682120
355,Drey Jameson,ARI,RP,RP,-10.2,41,0,0,176,41.0,2,2,0,4,38,18,38,17,2,4,3.97,4.03,1.34,44,20,36,0.299,0,686753
356,Jordan Wicks,CHC,RP,RP,-10.2,23,1,1,142,34.0,2,2,0,2,32,14,32,11,1,4,3.69,3.80,1.27,45,20,35,0.296,0,696136
357,Jose Fermin,LAA,RP,RP,-10.2,46,0,0,201,45.9,2,2,0,6,41,22,48,25,2,6,4.32,4.56,1.43,39,21,40,0.285,0,820862
358,Luis Garcia,MIN,RP,RP,-10.3,46,0,0,198,46.2,2,2,0,19,46,21,40,18,2,5,4.02,4.04,1.38,48,20,32,0.305,0,6984
359,Sam Moll,CIN,RP,RP,-10.3,47,0,0,182,41.9,2,2,0,5,38,18,41,21,3,5,3.89,4.34,1.40,45,20,34,0.291,0,14874
360,Tim Mayza,PHI,RP,RP,-10.3,47,0,0,180,41.9,2,2,0,6,40,18,36,16,2,4,3.87,4.02,1.35,50,20,30,0.294,0,641835
361,Cole Sulser,TB,RP,RP,-10.3,47,0,0,201,46.6,2,2,0,5,45,22,42,19,2,6,4.20,4.34,1.37,41,20,39,0.290,0,642121
362,Caleb Ferguson,CIN,RP,RP,-10.3,43,0,0,164,38.3,2,2,0,9,35,16,37,17,2,4,3.74,4.12,1.36,47,20,33,0.297,0,657571
363,Tyler Phillips,MIA,RP,RP,-10.3,53,0,0,228,52.8,3,3,0,11,54,25,41,19,2,6,4.17,4.20,1.38,49,21,30,0.301,0,663969
364,Richard Lovelady,WSH,RP,RP,-10.3,46,0,0,200,46.2,2,2,0,15,45,20,40,19,3,5,3.95,4.24,1.38,47,20,32,0.300,0,663992
365,JT Brubaker,SF,RP,RP,-10.3,47,0,0,203,46.6,2,2,0,6,45,22,41,18,2,6,4.24,4.24,1.36,42,20,38,0.291,0,664141
366,Sean Burke,CHW,SP,SP,-10.3,24,11,4,368,87.1,6,7,0,0,87,43,79,36,3,13,4.40,4.65,1.41,39,21,40,0.285,30,680732
367,Burch Smith,DET,RP,RP,-10.4,30,0,0,142,33.4,2,2,0,1,30,15,32,12,1,4,3.93,3.74,1.25,41,20,39,0.283,0,572143
368,Tyler Gilbert,CHW,RP,RP,-10.4,46,0,0,199,46.2,2,2,0,0,44,22,40,19,2,7,4.22,4.36,1.36,40,21,39,0.283,0,656457
369,Yuki Matsui,SD,RP,RP,-10.4,37,0,0,160,37.2,2,2,0,4,33,17,38,17,1,5,4.10,4.05,1.34,37,20,43,0.276,0,673513
370,Andrew Hoffmann,ARI,RP,RP,-10.4,47,0,0,203,46.9,2,2,0,5,47,22,41,19,2,5,4.22,4.51,1.41,43,21,36,0.311,0,694851
371,Rob Zastryzny,MIL,RP,RP,-10.5,38,0,0,161,37.5,2,2,0,4,35,17,35,15,2,5,4.02,4.24,1.34,41,20,39,0.283,0,15094
372,Charlie Barnes,CHC,RP,RP,-10.5,33,0,0,168,39.6,2,2,0,2,40,18,33,13,2,4,3.98,4.08,1.34,46,21,34,0.300,0,656212
373,Brennan Bernardino,COL,RP,RP,-10.5,46,0,0,180,41.6,2,2,0,9,40,18,37,19,3,5,3.78,4.53,1.42,46,20,34,0.313,0,657514
374,Nate Pearson,HOU,RP,RP,-10.5,37,0,0,159,36.9,2,2,0,4,33,18,38,18,2,5,4.26,4.34,1.37,38,20,43,0.281,0,663878
375,Casey Legumina,TB,RP,RP,-10.5,47,0,0,203,46.6,2,2,0,5,45,23,43,20,2,6,4.38,4.51,1.40,40,20,40,0.291,0,668984
376,Seth Halvorsen,COL,RP,RP,-10.5,53,0,0,229,52.8,3,3,0,21,53,24,46,26,2,6,4.09,4.97,1.49,46,21,33,0.321,0,678020
377,Bradgley Rodriguez,SD,RP,RP,-10.5,47,0,0,203,46.6,2,2,0,5,45,21,43,23,2,5,4.10,4.38,1.45,47,21,31,0.303,0,699134
378,Cade Gibson,MIA,RP,RP,-10.5,53,0,0,231,52.8,3,3,0,6,54,24,42,22,4,5,4.13,4.44,1.44,49,21,30,0.307,0,806188
379,Josh Sborz,TEX,RP,RP,-10.6,32,0,0,138,32.1,2,2,0,3,29,15,33,15,1,4,4.06,4.09,1.34,40,20,41,0.282,0,622250
380,John King,MIA,RP,RP,-10.6,46,0,0,199,46.2,2,2,0,5,47,20,33,16,2,4,3.88,3.87,1.37,55,20,25,0.301,0,667463
381,Ron Marinaccio,SD,RP,RP,-10.6,47,0,0,204,46.6,2,2,0,5,45,23,42,22,3,6,4.43,4.47,1.42,42,20,38,0.290,0,676760
382,Yaramil Hiraldo,BAL,RP,RP,-10.6,32,0,0,135,31.9,2,2,0,6,28,14,32,14,1,4,4.00,4.25,1.31,37,21,42,0.286,0,682274
383,DJ Herz,WSH,RP,RP,-10.6,16,1,1,102,24.2,1,1,0,1,19,10,28,11,1,3,3.61,3.72,1.25,36,20,44,0.275,0,687792
384,Sawyer Gipson-Long,DET,RP,RP,-10.6,22,2,1,119,28.5,2,1,0,4,27,12,26,8,1,3,3.86,3.75,1.22,44,20,36,0.287,0,687830
385,Josh White,MIA,RP,RP,-10.6,35,0,0,152,35.1,2,2,0,4,32,16,35,17,2,4,4.03,4.33,1.39,41,21,37,0.297,0,687985
386,Dylan Ross,NYM,RP,RP,-10.6,35,0,0,152,35.1,2,2,0,4,32,16,36,18,1,4,4.03,4.17,1.42,44,21,34,0.296,0,697811
387,Joe Mantiply,TOR,RP,RP,-10.7,33,0,0,127,30.0,2,1,0,1,30,12,27,9,1,3,3.65,3.80,1.30,48,20,32,0.304,0,14857
388,Brock Stewart,LAD,RP,RP,-10.7,21,0,0,88,21.2,1,1,0,5,17,8,26,9,1,2,3.41,3.35,1.18,38,19,42,0.273,0,16727
389,Tyler Ferguson,ATH,RP,RP,-10.7,41,0,0,180,41.0,2,2,0,9,37,20,39,21,2,5,4.32,4.56,1.42,39,20,41,0.283,0,621053
390,Tristan Beck,SF,RP,RP,-10.7,29,0,0,151,35.2,2,2,0,3,33,16,31,12,1,4,4.17,4.01,1.28,39,20,41,0.280,0,663941
391,Kade Strowd,ARI,RP,RP,-10.7,47,0,0,182,42.1,2,2,0,9,41,19,38,20,2,4,4.04,4.35,1.46,49,21,30,0.314,0,669704
392,Steven Cruz,KC,RP,RP,-10.7,35,0,0,151,35.1,2,2,0,7,31,16,34,17,2,4,4.07,4.29,1.36,40,20,40,0.285,0,674444
393,Ben Casparius,LAD,RP,RP,-10.7,37,0,0,160,37.2,2,2,0,8,36,18,35,15,2,6,4.33,4.45,1.36,37,21,42,0.288,0,676508
394,Daysbel Hernandez,ATL,RP,RP,-10.7,35,0,0,153,35.1,2,2,0,9,30,16,38,20,2,4,4.22,4.29,1.44,41,20,40,0.287,0,678226
395,Luke Little,CHC,RP,RP,-10.7,33,0,0,129,29.7,2,1,0,5,25,12,34,18,2,2,3.59,4.03,1.44,50,20,31,0.300,0,681432
396,Wikelman Gonzalez,CHW,RP,RP,-10.7,47,0,0,207,46.8,2,3,0,5,43,23,47,27,3,6,4.44,4.75,1.49,39,22,39,0.289,0,682790
397,Yariel Rodriguez,TOR,RP,RP,-10.7,27,0,0,113,26.8,1,1,0,6,22,11,30,13,1,3,3.84,3.81,1.31,41,20,39,0.277,0,684320
398,Hunter Bigge,TB,RP,RP,-10.7,40,0,0,175,39.9,2,2,0,16,36,20,40,19,2,6,4.46,4.38,1.39,38,21,41,0.278,0,685801
399,Paxton Schultz,WSH,RP,RP,-10.7,40,0,0,170,39.6,2,2,0,6,38,19,36,15,2,6,4.31,4.50,1.34,37,21,42,0.288,1,687606
400,Payton Tolle,BOS,SP,SP,-10.7,37,4,2,242,59.6,3,3,0,3,50,23,66,21,2,7,3.41,3.80,1.20,38,21,41,0.289,100,801139
401,Eli Morgan,KC,RP,RP,-10.8,40,0,0,174,39.9,2,2,0,6,38,20,34,16,1,6,4.57,4.75,1.37,35,20,45,0.281,0,669212
402,Jackson Rutledge,WSH,RP,RP,-10.8,41,0,0,178,41.0,2,2,0,2,40,20,35,17,2,5,4.39,4.64,1.39,40,20,40,0.292,0,671131
403,Kyle Backhus,PHI,RP,RP,-10.8,33,0,0,143,33.3,2,2,0,4,32,15,31,13,2,4,3.94,4.33,1.36,45,21,34,0.300,0,679775
404,Ty Adcock,SD,RP,RP,-10.8,35,0,0,151,35.1,2,2,0,4,33,17,33,14,1,5,4.32,4.14,1.34,40,20,41,0.279,0,686654
405,Mitch Spence,KC,RP,RP,-10.8,33,0,0,141,33.3,2,2,0,1,34,15,27,10,1,4,3.99,4.18,1.30,45,20,35,0.298,0,687765
406,Peyton Pallette,CLE,RP,RP,-10.8,39,0,0,172,39.3,2,2,0,6,37,19,38,19,2,5,4.41,4.66,1.42,39,21,40,0.291,0,688883
407,Yacksel Rios,CHC,RP,RP,-10.9,30,0,0,173,39.5,2,2,0,3,37,20,36,19,2,5,4.54,4.59,1.42,37,20,44,0.279,0,605441
408,Bailey Falter,KC,RP,RP,-10.9,24,3,1,164,38.5,2,2,0,2,38,19,31,13,1,6,4.39,4.64,1.33,36,20,44,0.287,0,663559
409,Garrett Acton,MIN,RP,RP,-10.9,30,0,0,130,30.1,1,2,0,3,26,14,31,14,1,4,4.28,4.22,1.32,32,20,49,0.268,0,670183
410,Craig Yoho,MIL,RP,RP,-10.9,34,0,0,146,33.5,2,2,0,3,32,15,34,16,2,4,4.05,4.35,1.42,46,21,33,0.301,0,684974
411,Spencer Bivens,SF,RP,RP,-10.9,47,0,0,204,46.8,2,2,0,9,50,22,35,16,2,5,4.28,4.42,1.41,48,21,31,0.309,0,702352
412,Jose Leclerc,SD,RP,RP,-11.0,26,0,0,110,25.5,1,1,0,3,21,12,28,12,1,3,4.07,3.99,1.30,34,20,47,0.268,0,14524
413,Jake Woodford,MIL,RP,RP,-11.0,34,0,0,159,36.9,2,2,0,7,38,17,29,11,2,5,4.24,4.26,1.33,44,20,36,0.295,0,663765
414,Justin Hagenman,NYM,RP,RP,-11.0,24,0,0,102,24.4,1,1,0,2,23,11,23,6,1,3,3.87,3.81,1.19,39,21,40,0.284,0,663795
415,Gregory Santos,SF,RP,RP,-11.0,38,0,0,146,33.8,2,2,0,8,32,15,30,15,2,3,3.92,3.90,1.38,50,20,31,0.299,0,666619
416,Chris Murphy,CHW,RP,RP,-11.0,26,0,0,148,34.2,2,2,0,3,31,15,32,17,2,4,4.06,4.33,1.42,45,20,35,0.288,0,669684
417,Cionel Perez,WSH,RP,RP,-11.0,46,0,0,183,41.6,2,2,0,10,39,19,36,23,2,4,4.05,4.42,1.51,50,20,30,0.303,0,672335
418,Nick Raquet,BAL,RP,RP,-11.0,41,0,0,177,41.0,2,2,0,8,42,19,32,16,2,5,4.20,4.51,1.41,45,21,34,0.302,0,675919
419,Ethan Roberts,CHC,RP,RP,-11.0,32,0,0,137,31.6,2,2,0,3,29,15,30,14,2,4,4.35,4.33,1.36,39,20,42,0.282,0,681799
420,Zach Maxwell,CIN,RP,RP,-11.0,41,0,0,181,41.0,2,2,0,4,39,20,41,24,2,6,4.31,5.02,1.54,42,22,36,0.303,0,687209
421,Ryan Gusto,MIA,RP,RP,-11.0,23,3,1,140,33.0,2,2,0,8,33,16,28,11,1,4,4.30,4.53,1.34,40,21,39,0.298,0,687473
422,Beau Brieske,DET,RP,RP,-11.0,34,0,0,147,33.9,2,2,0,7,31,16,31,15,1,4,4.33,4.30,1.35,37,20,43,0.276,0,689225
423,Yosver Zulueta,SEA,RP,RP,-11.0,31,0,0,134,30.6,2,2,0,3,28,13,31,15,2,3,3.87,4.00,1.43,53,21,26,0.303,0,691172
424,Spencer Miles,TOR,RP,RP,-11.0,33,0,0,144,33.3,2,2,0,3,32,16,32,14,1,4,4.19,4.21,1.38,43,21,36,0.293,0,693686
425,Mason Black,KC,RP,RP,-11.0,29,3,1,210,48.1,2,3,0,6,49,24,39,20,2,7,4.55,4.99,1.43,40,20,40,0.297,0,696131
426,Travis Adams,MIN,RP,RP,-11.0,38,1,0,174,40.4,2,2,0,4,42,19,32,14,2,5,4.31,4.46,1.39,44,21,35,0.303,0,701519
427,Vince Velasquez,CHC,RP,RP,-11.1,30,0,0,122,30.4,2,2,0,2,28,15,29,13,1,4,4.30,4.36,1.36,36,20,44,0.279,0,11189
428,Andrew Chafin,CIN,RP,RP,-11.1,32,0,0,125,28.9,1,1,0,3,26,13,31,15,1,3,3.88,4.39,1.44,42,21,37,0.296,0,12988
429,Steven Wilson,TB,RP,RP,-11.1,33,0,0,145,33.3,2,2,0,3,30,18,33,16,2,5,4.75,4.68,1.38,29,20,51,0.262,0,621051
430,Drew Smith,MIN,RP,RP,-11.1,32,0,0,140,32.1,2,2,0,3,29,16,30,15,1,5,4.53,4.52,1.37,33,20,47,0.274,0,622098
431,Jake Irvin,WSH,SP,SP,-11.1,20,20,9,461,106.9,6,7,0,0,107,54,86,37,5,16,4.57,4.51,1.34,42,20,39,0.288,5,663623
432,James McArthur,KC,RP,RP,-11.1,27,0,0,111,26.6,1,1,0,3,25,11,24,9,1,3,3.76,4.01,1.30,47,20,33,0.299,0,663704
433,Carlos Vargas,SEA,RP,RP,-11.1,37,0,0,143,33.0,2,2,0,7,32,15,28,13,2,3,4.13,4.04,1.37,50,19,31,0.290,0,672841
434,Justin Bruihl,STL,RP,RP,-11.1,47,0,0,184,41.9,2,2,0,14,42,19,33,19,3,4,4.16,4.48,1.45,48,21,31,0.305,0,677865
435,Bailey Horn,DET,RP,RP,-11.1,37,0,0,160,36.9,2,2,0,4,35,17,33,18,1,4,4.24,4.58,1.44,42,21,36,0.296,0,690544
436,Hayden Harris,ATL,RP,RP,-11.1,29,0,0,115,26.4,1,1,0,3,24,12,28,13,1,3,3.98,4.28,1.41,41,21,37,0.300,0,802686
437,Carl Edwards Jr.,NYM,RP,RP,-11.2,31,0,0,133,30.6,2,2,0,3,29,14,28,14,1,3,4.07,4.07,1.39,46,20,34,0.290,0,605218
438,Shaun Anderson,LAA,RP,RP,-11.2,33,0,0,170,42.6,2,2,0,4,46,22,30,13,2,7,4.55,4.78,1.37,41,20,38,0.293,0,641312
439,Lou Trivino,PHI,RP,RP,-11.2,31,0,0,132,30.6,2,2,0,6,29,14,27,13,2,4,4.24,4.42,1.37,42,20,39,0.287,0,642152
440,Hayden Wesneski,HOU,RP,RP,-11.2,15,1,0,86,20.7,1,1,0,1,19,9,21,7,1,3,3.90,3.82,1.22,40,20,40,0.280,0,669713
441,Ryan Watson,BOS,RP,RP,-11.2,46,0,0,179,41.6,2,2,0,7,43,20,33,17,2,5,4.28,4.85,1.44,44,21,35,0.308,0,670245
442,Joey Estes,ATH,RP,RP,-11.2,23,0,0,130,30.4,2,2,0,2,30,16,24,9,2,5,4.61,4.73,1.27,31,20,49,0.270,0,683155
443,Michel Otanez,TEX,RP,RP,-11.3,26,0,0,100,23.0,1,1,0,4,19,10,27,14,1,2,3.86,4.03,1.41,42,20,38,0.285,0,671305
444,Chris Roycroft,STL,RP,RP,-11.3,41,0,0,180,41.0,2,2,0,8,41,19,32,20,2,4,4.18,4.45,1.49,51,20,29,0.309,0,688297
445,Andrew Walters,CLE,RP,RP,-11.3,26,0,0,102,23.5,1,1,0,3,20,11,27,12,1,3,4.02,4.16,1.35,36,21,43,0.285,0,689958
446,Matt Pushard,STL,RP,RP,-11.3,38,0,0,164,37.6,2,2,0,4,38,19,31,16,2,5,4.45,4.67,1.41,41,21,38,0.298,0,690155
447,Philip Abner,ARI,RP,RP,-11.3,31,0,0,132,30.6,2,2,0,3,31,14,27,13,1,3,4.10,4.46,1.42,44,21,35,0.311,0,691769
448,Eduardo Rivera,BOS,RP,RP,-11.3,23,2,1,127,30.3,2,2,0,1,31,13,27,14,1,3,3.81,4.74,1.48,47,21,31,0.311,0,700842
449,Rafael Montero,NYY,RP,RP,-11.4,32,0,0,126,28.9,1,1,0,4,26,14,28,15,1,4,4.31,4.37,1.44,43,20,37,0.281,0,12760
450,Yerry De los Santos,NYY,RP,RP,-11.4,29,0,0,127,29.3,2,1,0,4,29,13,25,12,1,3,3.95,4.21,1.40,51,20,29,0.299,0,660787
451,Trent Thornton,CHC,RP,RP,-11.4,27,0,0,107,26.8,1,1,0,5,26,13,24,10,1,4,4.32,4.32,1.34,40,20,40,0.286,0,663423
452,Chase Shugart,PHI,RP,RP,-11.4,33,0,0,144,33.3,2,2,0,4,33,16,28,13,2,5,4.38,4.64,1.39,42,21,37,0.290,0,663767
453,Joey Lucchesi,LAA,RP,RP,-11.4,39,0,0,170,39.3,2,2,0,5,41,18,31,16,2,4,4.12,4.54,1.45,49,21,31,0.306,0,664192
454,Jason Foley,SF,RP,RP,-11.4,25,0,0,94,22.4,1,1,0,2,21,9,20,7,1,2,3.71,3.49,1.26,49,19,32,0.294,0,671345
455,Cole Wilcox,SEA,RP,RP,-11.4,33,0,0,142,32.8,2,2,0,5,34,15,27,13,2,4,4.18,4.35,1.42,49,21,29,0.309,0,677961
456,John Klein,MIN,RP,RP,-11.4,26,0,0,108,25.5,1,1,0,3,25,12,23,9,2,3,4.15,4.28,1.32,40,21,39,0.294,0,804619
457,Max Scherzer,TOR,SP,SP,-11.5,15,15,7,341,79.6,5,5,0,0,75,41,75,25,3,14,4.60,4.45,1.25,30,20,50,0.269,12,3137
458,Enmanuel De Jesus,DET,RP,RP,-11.5,33,0,0,144,33.0,2,2,0,1,32,16,27,15,2,4,4.29,4.60,1.43,41,20,39,0.295,0,646241
459,Prelander Berroa,CHW,RP,RP,-11.5,26,0,0,115,26.3,1,1,0,3,23,13,27,15,1,4,4.29,4.46,1.44,39,20,42,0.278,0,672860
460,Max Lazar,PHI,RP,RP,-11.5,32,0,0,136,31.9,2,2,0,3,33,16,25,12,1,4,4.36,4.61,1.39,44,21,35,0.296,0,676661
461,Josh Simpson,SEA,RP,RP,-11.5,29,0,0,115,26.4,1,1,0,3,25,12,26,14,1,3,4.14,4.47,1.47,45,21,34,0.298,0,681006
462,Dylan Smith,SF,RP,RP,-11.5,31,0,0,131,30.6,1,2,0,3,30,14,27,14,1,3,4.18,4.29,1.42,46,21,33,0.302,0,681916
463,Brandan Bidois,PIT,RP,RP,-11.5,35,0,0,155,35.1,2,2,0,4,33,18,32,18,2,4,4.57,4.77,1.48,39,21,40,0.296,0,684049
464,Christian Roa,MIN,RP,RP,-11.5,33,0,0,190,42.9,2,2,0,1,42,22,38,24,3,5,4.62,4.97,1.53,41,21,37,0.301,0,685005
465,Trevor Martin,TB,RP,RP,-11.5,31,0,0,133,30.6,1,2,0,6,31,15,27,12,1,4,4.45,4.63,1.39,40,21,39,0.291,0,694680
466,Andre Granillo,WSH,RP,RP,-11.5,40,0,0,175,39.6,2,2,0,6,38,21,35,21,2,6,4.79,5.05,1.48,35,21,43,0.287,0,701552
467,Genesis Cabrera,PHI,RP,RP,-11.6,26,0,0,110,25.5,1,1,0,3,24,12,23,12,1,3,4.28,4.53,1.40,40,20,41,0.283,0,650893
468,Connor Seabold,DET,RP,RP,-11.6,26,0,0,111,25.6,1,1,0,3,25,13,22,9,2,4,4.48,4.48,1.31,35,20,45,0.278,0,657756
469,Easton McGee,MIL,RP,RP,-11.6,27,0,0,116,26.8,1,1,0,5,28,12,22,9,1,3,4.13,4.28,1.38,48,20,32,0.299,0,668834
470,Kodai Senga,NYM,SP,SP,-11.6,14,14,7,327,75.3,5,4,0,0,68,35,76,35,3,9,4.18,4.02,1.37,43,20,38,0.285,55,673540
471,Grant Holman,DET,RP,RP,-11.6,31,0,0,119,27.5,1,1,0,5,27,13,24,12,1,3,4.31,4.46,1.43,44,21,35,0.298,0,680880
472,Jayden Murray,HOU,RP,RP,-11.6,33,0,0,144,33.0,2,2,0,5,33,17,29,15,2,5,4.55,4.89,1.47,41,21,37,0.300,0,681151
473,Orlando Ribalta,WSH,RP,RP,-11.6,40,0,0,157,35.6,2,2,0,9,34,18,32,18,2,5,4.65,5.02,1.48,37,21,41,0.291,0,687377
474,Carson Seymour,SF,RP,RP,-11.6,18,0,0,97,22.9,1,1,0,2,23,10,20,8,1,2,3.81,3.89,1.33,51,21,28,0.307,0,693313
475,Tyler Samaniego,BOS,RP,RP,-11.6,33,0,0,145,33.0,2,2,0,4,34,16,27,16,2,4,4.22,4.82,1.48,45,21,33,0.307,0,701719
476,Derek Law,ARI,RP,RP,-11.7,21,0,0,92,21.4,1,1,0,2,21,10,19,8,1,2,4.07,4.08,1.36,45,20,36,0.300,0,13133
477,Miles Mikolas,WSH,SP,SP,-11.7,24,11,4,365,87.1,6,7,0,0,97,43,62,19,3,13,4.44,4.60,1.33,40,20,40,0.292,0,571945
478,Ian Hamilton,ATL,RP,RP,-11.7,18,0,0,78,18.0,1,1,0,2,16,8,19,9,1,2,3.84,3.90,1.36,45,20,36,0.294,0,641656
479,Alan Rangel,PHI,RP,RP,-11.7,16,2,1,100,23.5,1,1,0,1,24,12,19,8,1,4,4.44,4.76,1.34,37,21,42,0.288,0,660604
480,Jake Eder,LAD,RP,RP,-11.7,26,0,0,115,26.4,1,1,0,4,27,13,21,10,1,4,4.44,4.72,1.41,40,21,39,0.290,0,671109
481,Robinson Ortiz,SEA,RP,RP,-11.7,29,0,0,130,29.3,1,2,0,3,29,14,27,15,2,3,4.29,4.59,1.50,46,21,32,0.299,0,673662
482,Austin Love,STL,RP,RP,-11.7,27,0,0,117,26.8,1,1,0,3,26,13,24,12,1,3,4.43,4.60,1.42,40,21,38,0.295,0,676153
483,Franco Aleman,CLE,RP,RP,-11.7,18,0,0,75,17.6,1,1,0,2,16,8,19,8,1,2,3.94,4.16,1.36,42,21,37,0.297,0,680916
484,Luis Curvelo,TEX,RP,RP,-11.7,32,0,0,140,32.0,2,2,0,3,32,16,28,14,2,5,4.62,4.88,1.44,39,21,40,0.292,0,681168
485,Jack Anderson,BOS,RP,RP,-11.7,23,2,1,126,30.3,2,2,0,1,34,15,23,9,1,4,4.36,5.01,1.42,42,21,37,0.302,0,681252
486,Peyton Gray,TEX,RP,RP,-11.7,20,0,0,85,19.8,1,1,0,3,19,9,19,8,1,3,4.07,4.20,1.35,42,21,37,0.294,0,682608
487,Victor Mederos,ATL,RP,RP,-11.7,23,0,0,132,30.4,2,2,0,2,31,15,24,13,2,4,4.53,4.64,1.43,44,20,36,0.296,0,682989
488,Gavin Collyer,TEX,RP,RP,-11.7,33,0,0,148,33.0,2,2,0,4,31,17,31,20,2,4,4.65,5.02,1.55,42,22,37,0.297,0,686560
489,David Sandlin,CHW,RP,RP,-11.7,13,0,0,50,12.6,2,3,0,0,14,6,11,4,0,2,4.18,4.98,1.47,39,21,40,0.286,0,689818
490,Alex Carrillo,NYM,RP,RP,-11.7,20,0,0,89,20.4,1,1,0,2,18,10,22,12,1,2,4.22,4.33,1.45,41,21,38,0.290,0,692024
491,Chase Lee,TOR,RP,RP,-11.7,20,0,0,86,20.0,1,1,0,3,19,9,19,8,1,3,4.10,4.13,1.33,44,21,35,0.292,0,695445
492,Zach Pop,PHI,RP,RP,-11.8,27,0,0,105,24.2,1,1,0,3,24,11,19,10,1,3,4.14,4.28,1.40,51,20,29,0.299,0,647315
493,Jake Cousins,LAD,RP,RP,-11.8,16,0,0,68,15.8,1,1,0,2,14,7,17,8,1,2,3.89,3.98,1.36,44,20,37,0.288,0,664776
494,Kervin Castro,NYY,RP,RP,-11.8,26,0,0,112,25.5,1,1,0,3,25,12,22,12,1,3,4.38,4.58,1.44,44,20,36,0.288,0,665645
495,Reiver Sanmartin,SF,RP,RP,-11.8,29,0,0,124,28.5,1,1,0,3,30,13,21,11,1,3,4.05,4.24,1.43,51,21,28,0.310,0,665665
496,Eduarniel Nunez,ATH,RP,RP,-11.8,36,0,0,159,35.7,2,2,0,4,35,18,34,22,2,4,4.51,5.10,1.59,44,22,34,0.305,0,674384
497,Bobby Miller,LAD,RP,RP,-11.8,14,0,0,67,15.7,1,1,0,1,14,7,16,7,1,2,3.95,4.01,1.33,44,19,37,0.286,0,676272
498,Luis Peralta,STL,RP,RP,-11.8,33,0,0,135,30.0,1,2,0,3,28,15,29,19,2,4,4.50,4.88,1.55,41,22,38,0.299,0,678821
499,Joey Gerber,NYM,RP,RP,-11.8,21,0,0,82,19.1,1,1,0,2,18,9,18,7,1,3,4.27,4.12,1.30,36,20,43,0.277,0,680702
500,Juan Burgos,ARI,RP,RP,-11.8,35,0,0,139,31.6,2,2,0,8,33,16,25,14,2,4,4.53,4.83,1.50,45,21,34,0.314,0,686228
501,William Kempner,MIA,RP,RP,-11.8,23,0,0,104,23.4,1,1,0,2,21,11,24,13,1,3,4.29,4.54,1.48,42,21,37,0.300,0,687531
502,Julian Aguiar,CIN,RP,RP,-11.8,17,1,0,107,25.1,1,1,0,2,26,12,20,9,1,4,4.29,4.78,1.38,43,21,36,0.301,0,687924
503,Kyle Harrison,MIL,SP,SP,-11.8,24,11,5,296,69.6,4,4,0,3,62,31,75,28,4,10,4.02,4.07,1.29,38,20,43,0.281,100,690986
504,Cristian Mena,ARI,RP,RP,-11.8,15,1,0,69,16.8,1,1,0,1,16,7,17,6,1,2,3.73,3.98,1.33,45,21,34,0.305,0,691441
505,Carter Baumler,TEX,RP,RP,-11.8,32,0,0,141,32.0,2,2,0,3,32,17,28,16,1,4,4.63,4.92,1.50,42,21,37,0.297,0,691945
506,Chase Petty,CIN,RP,RP,-11.8,22,2,1,124,28.5,1,2,0,2,30,14,23,12,1,4,4.31,4.94,1.47,46,21,33,0.310,0,695534
507,Joe Rock,TB,RP,RP,-11.8,14,2,1,100,24.0,1,1,0,1,26,11,20,8,1,3,4.10,4.56,1.43,46,21,33,0.300,0,697812
508,Troy Taylor,SEA,RP,RP,-11.8,29,0,0,117,26.4,1,1,0,3,26,13,24,13,1,3,4.47,4.61,1.48,45,21,33,0.298,0,700187
509,Yilber Diaz,ARI,RP,RP,-11.8,26,0,0,113,25.5,1,1,0,6,24,12,26,15,1,3,4.26,4.54,1.49,42,21,37,0.307,0,700270
510,Paul Gervase,LAD,RP,RP,-11.8,23,0,0,92,21.1,1,1,0,2,19,10,22,11,1,3,4.32,4.54,1.43,39,21,39,0.289,0,801434
511,Brycen Mautz,STL,RP,RP,-11.8,18,0,0,75,17.6,1,1,0,2,17,8,16,7,1,2,3.91,4.25,1.33,43,21,36,0.297,0,802408
512,Austin Peterson,CLE,RP,RP,-11.8,14,2,1,86,20.3,1,1,0,1,22,10,16,5,1,3,4.34,4.60,1.32,40,21,39,0.296,0,804926
513,Tommy Kahnle,BOS,RP,RP,-11.9,27,0,0,106,24.1,1,1,0,6,23,11,21,12,1,3,4.23,4.63,1.47,46,20,34,0.300,0,11384
514,Trevor Williams,WSH,RP,RP,-11.9,16,1,0,84,19.8,1,1,0,1,20,9,17,5,1,3,4.23,4.24,1.28,39,21,41,0.292,0,16977
515,John Brebbia,MIN,RP,RP,-11.9,16,0,0,58,14.5,1,1,0,2,13,7,15,5,1,2,4.11,4.00,1.26,33,20,47,0.274,0,605154
516,Chris Paddack,MIA,SP,SP,-11.9,20,20,9,440,103.0,5,7,0,0,108,52,79,28,3,16,4.58,4.57,1.32,38,20,42,0.294,1,663978
517,Sammy Peralta,COL,RP,RP,-11.9,20,0,0,110,25.7,1,1,0,2,28,12,19,9,1,3,4.09,4.94,1.44,45,21,34,0.319,0,671111
518,Cameron Foster,BAL,RP,RP,-11.9,20,0,0,87,20.0,1,1,0,4,20,10,18,8,1,3,4.27,4.65,1.42,41,21,38,0.301,0,671382
519,Garrett Hawkins,SD,RP,RP,-11.9,23,0,0,103,23.4,1,1,0,2,22,12,22,12,1,3,4.50,4.64,1.45,39,21,40,0.291,0,678184
520,Evan Reifert,TB,RP,RP,-11.9,16,0,0,55,16.1,1,1,0,2,14,7,18,9,1,2,4.02,4.28,1.43,44,22,35,0.295,0,682126
521,Luis Mey,CIN,RP,RP,-11.9,35,0,0,157,35.1,2,2,0,7,35,17,32,21,2,4,4.39,5.06,1.60,49,22,30,0.312,0,682825
522,Angel Chivilli,NYY,RP,RP,-11.9,20,0,0,89,20.4,1,1,0,2,20,10,18,9,1,3,4.19,4.34,1.37,45,20,36,0.287,0,683409
523,Seth Johnson,PHI,RP,RP,-11.9,24,1,0,118,27.5,1,2,0,4,28,14,24,13,1,4,4.53,4.98,1.50,42,21,37,0.298,0,686751
524,Alek Jacob,SD,RP,RP,-11.9,27,0,0,141,31.9,1,2,0,5,32,17,27,15,2,5,4.74,4.89,1.48,40,21,39,0.293,0,689690
525,Welinton Herrera,COL,RP,RP,-11.9,18,0,0,76,17.6,1,1,0,2,17,7,17,8,1,2,3.65,4.58,1.43,47,21,32,0.322,0,700327
526,J.P. France,HOU,RP,RP,-12.0,20,0,0,85,19.8,1,1,0,2,19,10,18,9,1,3,4.38,4.41,1.39,40,20,40,0.285,0,641585
527,Tayler Saucedo,LAA,RP,RP,-12.0,27,0,0,105,24.1,1,1,0,3,24,11,21,12,1,3,4.16,4.61,1.50,49,21,30,0.307,0,642048
528,Manuel Rodriguez,TB,RP,RP,-12.0,15,0,0,64,14.9,1,1,0,3,14,6,14,6,1,1,3.74,3.70,1.30,49,20,31,0.292,0,655889
529,Gavin Hollowell,CHC,RP,RP,-12.0,18,0,0,77,17.6,1,1,0,2,16,9,17,9,1,2,4.35,4.46,1.43,40,20,40,0.289,0,668970
530,Sean Guenther,DET,RP,RP,-12.0,16,0,0,67,16.1,1,1,0,4,16,7,13,6,1,2,3.77,3.94,1.33,49,20,31,0.298,0,674944
531,Nolan Hoffman,PHI,RP,RP,-12.0,20,0,0,86,20.0,1,1,0,2,19,9,18,10,1,2,4.08,4.47,1.45,48,21,30,0.306,0,676510
532,Hunter Stratton,ATL,RP,RP,-12.0,15,0,0,66,15.3,1,1,0,3,14,7,15,6,1,2,4.12,4.14,1.33,40,20,40,0.289,0,676702
533,Jose Franco,CIN,RP,RP,-12.0,20,0,0,86,20.0,1,1,0,3,20,9,19,9,1,3,4.12,4.73,1.43,43,21,36,0.303,0,683742
534,Ryan Harbin,PIT,RP,RP,-12.0,29,0,0,130,29.3,1,2,0,3,28,14,26,18,2,3,4.34,4.73,1.57,48,22,31,0.313,0,689877
535,Brandon Pfaadt,ARI,SP,SP,-12.0,24,11,5,309,73.3,4,4,0,1,73,34,64,19,3,10,4.18,4.08,1.26,41,20,40,0.301,3,694297
536,Drew Sommers,DET,RP,RP,-12.0,18,0,0,76,17.6,1,1,0,2,17,7,16,8,1,2,3.74,4.15,1.42,52,21,27,0.310,0,805427
537,Ryan Lambert,NYM,RP,RP,-12.0,16,0,0,71,16.1,1,1,0,2,14,8,18,9,1,2,4.22,4.30,1.42,38,21,41,0.286,0,822038
538,Mike Clevinger,PIT,RP,RP,-12.1,16,0,0,68,16.1,1,1,0,2,15,8,13,6,1,2,4.32,4.29,1.29,36,20,44,0.280,0,605182
539,Nick Anderson,ATH,RP,RP,-12.1,16,0,0,69,16.1,1,1,0,2,15,8,14,7,1,2,4.35,4.48,1.37,38,20,42,0.283,0,623433
540,Scott Blewett,STL,RP,RP,-12.1,20,0,0,88,20.4,1,1,0,2,21,10,16,8,1,3,4.38,4.47,1.38,43,21,36,0.295,0,656240
541,Danny Young,ATL,RP,RP,-12.1,16,0,0,62,14.2,1,1,0,3,13,6,15,7,1,1,3.78,4.05,1.40,49,21,31,0.310,0,664849
542,Jhony Brito,SD,RP,RP,-12.1,15,0,0,64,14.9,1,1,0,1,14,7,13,5,1,2,4.10,3.94,1.32,44,20,36,0.287,0,666745
543,Andre Pallante,STL,SP,SP,-12.1,23,23,10,514,117.5,7,7,0,0,120,57,84,50,4,11,4.33,4.22,1.45,56,20,24,0.302,0,669467
544,Jeff Criswell,COL,RP,RP,-12.1,15,0,0,70,16.3,1,1,0,1,16,8,15,7,1,2,4.14,4.86,1.40,39,21,40,0.308,0,676105
545,Jack Neely,CHC,RP,RP,-12.1,16,0,0,69,16.1,1,1,0,2,15,8,16,8,1,2,4.41,4.62,1.43,38,21,40,0.293,0,680891
546,Domingo Gonzalez,SEA,RP,RP,-12.1,18,0,0,77,17.6,1,1,0,2,17,9,16,8,1,2,4.42,4.55,1.41,42,21,37,0.290,0,682445
547,Ken Waldichuk,WSH,RP,RP,-12.1,16,0,0,68,15.9,1,1,0,2,14,7,16,7,1,2,4.18,4.29,1.35,38,20,42,0.278,0,686610
548,Marc Church,TEX,RP,RP,-12.1,31,0,0,136,30.6,1,2,0,6,30,16,28,17,1,4,4.78,5.06,1.55,40,22,39,0.296,0,687847
549,Shane Murphy,CHW,RP,RP,-12.1,16,0,0,68,16.1,1,1,0,2,17,7,12,4,1,2,4.09,4.39,1.30,42,21,37,0.291,0,690294
550,Carlos Rodriguez,MIL,RP,RP,-12.1,15,1,0,77,18.3,1,1,0,2,18,9,17,8,1,3,4.35,4.76,1.40,37,20,44,0.281,0,692230
551,Emiliano Teodo,TEX,RP,RP,-12.1,20,0,0,81,18.4,1,1,0,2,17,9,19,11,1,2,4.23,4.68,1.52,45,22,34,0.303,0,693713
552,Marco Raya,MIN,RP,RP,-12.1,18,0,0,76,17.6,1,1,0,2,17,8,16,8,1,2,4.13,4.39,1.44,47,21,32,0.307,0,694397
553,Tyson Neighbors,BAL,RP,RP,-12.1,16,0,0,70,16.1,1,1,0,2,15,8,16,8,1,2,4.24,4.49,1.43,41,21,38,0.296,0,695695
554,Samy Natera Jr.,LAA,RP,RP,-12.1,21,0,0,96,21.4,1,1,0,2,20,11,21,13,1,3,4.49,4.96,1.53,39,22,40,0.295,0,696519
555,Austin Gomber,TEX,RP,RP,-12.2,7,1,0,37,9.2,1,2,0,0,11,5,7,2,0,1,4.40,4.90,1.40,38,20,42,0.287,0,16561
556,Ryan Rolison,CHC,RP,RP,-12.2,20,0,0,86,19.8,1,1,0,3,21,10,15,8,1,2,4.32,4.58,1.47,46,21,32,0.305,0,669020
557,Emerson Hancock,SEA,SP,SP,-12.2,29,16,7,418,95.8,6,5,0,1,98,49,79,32,5,14,4.56,4.43,1.35,43,20,37,0.285,100,676106
558,Jayvien Sandridge,BAL,RP,RP,-12.2,20,0,0,79,19.8,1,1,0,2,19,10,20,13,1,2,4.40,4.90,1.57,42,22,36,0.302,0,682144
559,Jared Jones,PIT,SP,SP,-12.2,12,12,6,253,60.2,3,3,0,0,51,25,62,22,3,7,3.80,3.72,1.21,38,19,42,0.280,3,683003
560,Taylor Rashi,ARI,RP,RP,-12.2,18,0,0,68,15.8,1,1,0,4,16,7,15,7,1,2,4.09,4.36,1.42,45,21,34,0.311,0,688497
561,Jared Shuster,STL,RP,RP,-12.2,25,0,0,98,24.6,1,1,0,5,26,12,17,10,1,3,4.49,4.69,1.43,42,21,38,0.296,0,694363
562,Alex Hoppe,SEA,RP,RP,-12.2,20,0,0,87,19.7,1,1,0,3,20,9,18,10,1,2,4.19,4.37,1.49,51,21,28,0.306,0,695380
563,Jonathan Pintaro,NYM,RP,RP,-12.2,10,1,1,61,14.1,1,1,0,1,14,7,13,6,1,2,4.12,4.25,1.41,47,21,32,0.299,0,702752
564,Zack Littell,WSH,SP,SP,-12.3,20,20,9,457,106.9,6,7,0,0,113,56,76,26,4,18,4.72,4.66,1.30,38,20,41,0.286,2,641793
565,Jose Espada,BAL,RP,RP,-12.3,20,0,0,88,20.0,1,1,0,2,19,10,18,10,1,3,4.58,4.77,1.47,38,21,41,0.288,0,664744
566,Alexis Diaz,TEX,RP,RP,-12.3,15,0,0,67,15.3,1,1,0,2,13,8,16,9,1,2,4.66,4.75,1.45,34,20,46,0.275,0,664747
567,Eric Cerantola,KC,RP,RP,-12.3,15,0,0,67,15.3,1,1,0,2,14,7,15,8,1,2,4.19,4.79,1.47,43,21,36,0.305,0,672021
568,Doug Nikhazy,CHC,RP,RP,-12.3,15,1,0,78,18.4,1,1,0,3,19,9,16,8,1,2,4.35,4.96,1.49,39,21,40,0.295,0,680951
569,Roddery Munoz,HOU,RP,RP,-12.3,13,0,0,50,12.6,1,1,0,1,12,6,13,6,1,2,4.38,4.49,1.40,39,20,41,0.283,0,682610
570,Alex McFarlane,PHI,RP,RP,-12.3,23,2,1,132,30.9,2,2,0,2,33,16,25,16,2,4,4.70,5.34,1.59,44,21,35,0.301,0,686934
571,Rolddy Munoz,ATL,RP,RP,-12.3,18,0,0,78,17.6,1,1,0,0,18,8,16,9,1,2,4.22,4.54,1.52,50,21,29,0.318,0,691548
572,Tyler Schweitzer,CHW,RP,RP,-12.3,20,2,1,113,26.8,1,2,0,4,30,13,19,11,1,4,4.45,5.09,1.51,45,21,34,0.299,0,805326
573,Pedro Avila,CLE,RP,RP,-12.4,16,1,0,79,18.5,1,1,0,2,19,9,15,7,1,2,4.41,4.55,1.44,44,20,36,0.293,0,658648
574,Griff McGarry,LAD,RP,RP,-12.4,15,0,0,53,13.2,1,1,0,1,12,6,14,8,1,2,4.31,4.63,1.52,43,22,36,0.298,0,676046
575,Cam Sanders,PIT,RP,RP,-12.4,20,0,0,89,19.8,1,1,0,2,19,10,19,13,1,2,4.52,4.93,1.57,42,22,37,0.306,0,676742
576,Ronan Kopp,LAD,RP,RP,-12.4,18,0,0,80,17.6,1,1,0,2,16,9,18,13,1,2,4.47,5.09,1.65,43,22,35,0.302,0,691947
577,Jose Corniell,TEX,RP,RP,-12.4,11,0,0,42,10.5,1,1,0,1,10,5,10,4,1,1,4.04,4.22,1.32,41,21,38,0.292,0,692030
578,Ian Seymour,TB,SP,SP,-12.4,37,4,2,266,63.3,3,3,0,15,58,27,66,20,3,8,3.80,3.98,1.23,38,21,42,0.286,2,693855
579,Tyler Davis,CHW,RP,RP,-12.4,20,0,0,87,19.8,1,1,0,4,19,10,17,10,1,3,4.70,5.01,1.51,39,21,40,0.289,0,699823
580,Jake Bloss,TOR,RP,RP,-12.4,6,0,0,25,6.3,1,2,0,0,7,3,5,2,0,1,4.43,5.17,1.52,40,21,39,0.291,0,814005
581,Austin Voth,TOR,RP,RP,-12.5,10,0,0,39,9.7,1,1,0,0,10,5,8,3,0,1,4.41,4.19,1.27,38,20,43,0.277,0,608723
582,Blas Castano,COL,RP,RP,-12.5,20,0,0,77,17.8,1,1,0,2,20,9,12,6,1,2,4.39,5.29,1.49,48,21,31,0.325,0,680604
583,Cade Winquest,STL,RP,RP,-12.5,13,0,0,50,12.6,1,1,0,1,13,6,10,5,1,1,4.27,4.54,1.42,47,21,32,0.305,0,685464
584,K.C. Hunt,TB,RP,RP,-12.5,4,0,0,17,4.2,1,1,0,0,5,2,4,1,0,1,4.10,4.82,1.45,43,21,36,0.293,0,687268
585,Jackson Kowar,BAL,RP,RP,-12.6,11,0,0,46,10.7,1,1,0,1,10,5,10,5,1,1,4.52,4.50,1.44,42,20,39,0.288,0,663804
586,Kyle Keller,BOS,RP,RP,-12.6,16,0,0,62,15.5,1,1,0,2,15,8,14,8,1,2,4.87,5.04,1.48,35,20,44,0.286,0,664918
587,Daison Acosta,SD,RP,RP,-12.7,6,0,0,25,6.3,0,0,0,1,6,3,6,3,0,1,4.36,4.56,1.46,42,21,37,0.295,0,670897
588,James Karinchak,ATL,RP,RP,-12.7,7,0,0,32,7.2,0,0,0,1,6,4,8,4,0,1,4.51,4.40,1.40,33,20,47,0.276,0,675916
589,Josh Fleming,TOR,RP,RP,-12.7,10,0,0,46,11.6,1,1,0,0,13,5,7,4,1,1,4.15,4.51,1.47,54,21,25,0.308,0,676596
590,Josh Ekness,MIA,RP,RP,-12.7,7,0,0,32,7.2,0,0,0,1,7,4,7,4,1,1,4.34,4.68,1.47,44,21,35,0.304,0,694795
591,Hunter Strickland,LAA,RP,RP,-12.8,13,0,0,50,12.6,1,1,0,1,13,7,10,6,1,2,4.89,5.01,1.46,36,20,44,0.279,0,7836
592,Joe Ross,ARI,RP,RP,-12.8,6,0,0,25,6.3,0,0,0,2,6,3,5,2,0,1,4.15,4.29,1.38,43,20,37,0.301,0,605452
593,Keegan Thompson,COL,RP,RP,-12.8,5,1,0,28,6.9,0,0,0,0,8,3,5,3,0,1,4.47,5.40,1.51,40,20,40,0.305,0,624522
594,Trey Supak,TEX,RP,RP,-12.8,2,0,0,8,2.1,0,1,0,0,3,1,2,1,0,0,4.21,5.15,1.48,42,21,37,0.294,0,657022
595,Tanner Rainey,DET,RP,RP,-12.8,4,0,0,17,4.2,0,0,0,1,4,2,4,2,0,1,4.49,4.63,1.43,35,20,45,0.276,0,663432
596,Scott Effross,DET,RP,RP,-12.8,11,0,0,42,10.5,1,1,0,1,11,5,7,4,0,1,4.29,4.44,1.42,49,21,30,0.303,0,664123
597,Angel Bastardo,BOS,RP,RP,-12.8,6,0,0,25,6.3,0,0,0,1,6,3,6,3,0,1,4.05,4.48,1.41,43,21,36,0.303,0,682785
598,Zach McCambley,MIA,RP,RP,-12.8,6,0,0,23,5.7,0,0,0,1,6,3,5,3,0,1,4.22,4.52,1.44,44,21,35,0.302,0,685112
599,Connor Noland,CHC,RP,RP,-12.8,2,0,0,8,2.1,0,1,0,0,3,1,1,1,0,0,4.18,4.97,1.52,47,21,32,0.305,0,690939
600,Luis Guerrero,TB,RP,RP,-12.8,8,0,0,40,10.1,0,1,0,1,10,6,9,6,1,1,4.94,5.21,1.59,40,22,39,0.291,0,692285
601,Alexander Alberto,TB,RP,RP,-12.8,6,0,0,25,6.3,0,0,0,1,6,3,6,3,0,1,4.31,4.52,1.48,48,21,31,0.304,0,693739
602,Brendan Beck,NYY,RP,RP,-12.8,3,0,0,13,3.1,0,0,0,0,3,1,3,1,0,0,3.86,4.07,1.23,41,21,38,0.285,0,694341
603,Josh Stephan,TEX,RP,RP,-12.8,2,0,0,8,2.1,0,1,0,0,3,1,2,1,0,0,4.10,4.90,1.48,43,21,36,0.296,0,695776
604,Miguel Ullola,HOU,RP,RP,-12.8,3,0,0,13,3.1,0,0,0,0,3,1,4,2,0,0,4.06,4.57,1.42,38,21,41,0.290,0,699044
605,Jhancarlos Lara,ATL,RP,RP,-12.8,6,0,0,25,6.3,0,0,0,1,6,3,7,4,0,1,4.19,4.63,1.59,48,22,31,0.315,0,702910
606,Tate Kuehner,MIL,RP,RP,-12.8,4,0,0,16,3.6,0,0,0,0,4,2,3,2,0,0,3.95,4.38,1.42,48,21,31,0.304,0,804249
607,Jake Miller,DET,RP,RP,-12.8,2,0,0,8,2.1,0,1,0,0,2,1,2,1,0,0,4.11,4.95,1.48,43,21,36,0.295,0,805725
608,Kyle Hurt,LAD,SP,SP,-12.9,37,4,2,262,61.7,4,3,0,6,53,26,66,27,3,7,3.72,3.76,1.29,44,20,36,0.286,0,669165
609,Collin Snider,CHC,RP,RP,-12.9,7,0,0,29,7.2,0,0,0,1,7,4,6,3,0,1,4.54,4.61,1.40,41,20,39,0.292,0,676092
610,Jackson Wolf,SD,RP,RP,-12.9,3,0,0,13,3.1,0,0,0,0,3,1,3,1,0,0,4.02,4.22,1.32,41,21,38,0.288,0,680232
611,Collin Baumgartner,COL,RP,RP,-12.9,4,0,0,17,4.2,0,0,0,0,4,2,4,2,0,1,4.63,5.56,1.55,39,22,40,0.313,0,694677
612,Francis Pena,SD,RP,RP,-12.9,4,0,0,17,4.2,0,0,0,0,4,2,3,2,0,0,4.38,4.71,1.55,51,22,28,0.311,0,800212
613,Luke Jackson,NYM,RP,RP,-13.0,2,0,0,8,2.1,0,0,0,1,2,1,2,1,0,0,4.25,4.17,1.43,46,20,34,0.291,0,11752
614,Miguel Castro,LAA,RP,RP,-13.0,2,0,0,8,2.1,0,0,0,0,2,1,2,1,0,0,4.39,4.52,1.38,44,20,36,0.291,0,15684
615,Nick Burdi,NYM,RP,RP,-13.0,2,0,0,8,1.9,0,0,0,0,2,1,2,1,0,0,3.95,3.95,1.37,42,20,38,0.281,0,595897
616,Jorge Alcala,TOR,RP,RP,-13.0,2,0,0,8,2.1,0,0,0,0,2,1,2,1,0,0,4.24,4.26,1.33,35,20,45,0.275,0,660896
617,Brandon Waddell,NYM,RP,RP,-13.0,2,0,0,7,2.1,0,0,0,0,2,1,2,1,0,0,3.95,3.90,1.29,45,20,35,0.288,0,663399
618,Konnor Pilkington,DET,RP,RP,-13.0,2,0,0,8,2.1,0,0,0,0,2,1,2,1,0,0,4.14,4.34,1.43,41,21,38,0.285,0,663455
619,Isaiah Campbell,ARI,RP,RP,-13.0,2,0,0,8,1.9,0,0,0,0,2,1,1,1,0,0,4.35,4.47,1.42,48,20,33,0.309,0,663462
620,Marquis Grissom Jr.,WSH,RP,RP,-13.0,2,0,0,8,2.1,0,0,0,0,2,1,2,1,0,0,4.81,5.14,1.48,38,21,40,0.293,0,671726
621,Kaleb Ort,LAA,RP,RP,-13.0,2,0,0,8,2.1,0,0,0,0,2,1,2,1,0,0,4.55,4.61,1.43,35,20,45,0.274,0,672391
622,Carlos Hernandez,CLE,RP,RP,-13.0,2,0,0,9,2.3,0,0,0,0,2,1,2,1,0,0,4.15,4.12,1.35,34,19,47,0.274,0,672578
623,Daniel Harper,PHI,RP,RP,-13.0,2,0,0,8,1.9,0,0,0,0,2,1,2,1,0,0,4.98,5.33,1.58,39,22,39,0.295,0,679702
624,Sam Benschoter,CIN,RP,RP,-13.0,2,0,0,6,2.1,0,0,0,0,2,1,2,1,0,0,4.31,4.79,1.43,45,21,34,0.303,0,680397
625,Lyon Richardson,CIN,RP,RP,-13.0,2,0,0,11,2.7,0,0,0,0,3,1,2,1,0,0,4.08,4.55,1.48,49,20,32,0.302,0,680689
626,John Rooney,TB,RP,RP,-13.0,2,0,0,8,1.9,0,0,0,0,2,1,2,1,0,0,3.94,4.33,1.42,49,21,30,0.303,0,680701
627,Jake Miller,CLE,RP,RP,-13.0,7,0,0,31,7.2,0,0,0,1,8,4,6,3,0,1,4.69,5.05,1.51,43,21,35,0.303,0,681313
628,Nate Lavender,NYM,RP,RP,-13.0,2,0,0,8,2.1,0,0,0,0,2,1,2,1,0,0,3.98,4.15,1.38,40,21,39,0.289,0,681320
629,Joe Jacques,NYM,RP,RP,-13.0,2,0,0,8,2.1,0,0,0,0,2,1,2,1,0,0,3.91,4.17,1.43,53,21,27,0.303,0,682175
630,Will Childers,MIL,RP,RP,-13.0,2,0,0,8,2.1,0,0,0,0,2,1,2,1,0,0,4.58,4.88,1.52,44,21,35,0.301,0,682999
631,Jairo Iriarte,CHW,RP,RP,-13.0,2,0,0,8,2.1,0,0,0,0,2,1,2,1,0,0,4.49,4.81,1.52,45,22,34,0.299,0,683568
632,Joe La Sorsa,PIT,RP,RP,-13.0,3,0,0,13,3.1,0,0,0,0,3,2,2,1,0,0,4.60,4.90,1.45,43,21,36,0.302,0,686747
633,Reggie Crawford,SF,RP,RP,-13.0,2,0,0,8,2.1,0,0,0,0,2,1,2,1,0,0,3.96,4.11,1.38,41,21,38,0.295,0,686846
634,Ben Peoples,CHW,RP,RP,-13.0,2,0,0,8,2.1,0,0,0,0,2,1,2,1,0,0,4.62,4.97,1.48,40,21,38,0.292,0,687239
635,Dom Hamel,NYY,RP,RP,-13.0,2,0,0,8,2.1,0,0,0,0,2,1,2,1,0,0,4.26,4.49,1.38,40,21,38,0.287,0,687589
636,Peyton Alford,SEA,RP,RP,-13.0,2,0,0,8,1.9,0,0,0,0,2,1,2,1,0,0,4.45,4.61,1.42,38,21,41,0.282,0,688230
637,Michael Darrell-Hicks,PIT,RP,RP,-13.0,4,0,0,14,3.2,0,0,0,0,3,2,3,1,0,0,4.40,4.57,1.41,44,21,34,0.304,0,690382
638,Andry Lara,WSH,RP,RP,-13.0,2,0,0,8,2.1,0,0,0,0,2,1,2,1,0,0,4.33,4.64,1.43,44,21,35,0.303,0,691251
639,Jaden Woods,PIT,RP,RP,-13.0,2,0,0,8,2.1,0,0,0,0,2,1,2,1,0,0,4.41,4.95,1.52,43,22,35,0.305,0,692243
640,Zach Brzykcy,MIA,RP,RP,-13.0,2,0,0,9,2.1,0,0,0,0,2,1,2,1,0,0,4.77,4.99,1.52,38,21,41,0.296,0,694350
641,Hayden Durke,ARI,RP,RP,-13.0,2,0,0,8,2.1,0,0,0,0,2,1,2,1,0,0,4.45,4.85,1.62,45,22,33,0.316,0,694492
642,Harrison Cohen,NYY,RP,RP,-13.0,2,0,0,8,1.9,0,0,0,0,2,1,2,1,0,0,4.62,4.97,1.58,43,22,36,0.296,0,694660
643,Alimber Santa,HOU,RP,RP,-13.0,2,0,0,8,2.1,0,0,0,0,2,1,2,1,0,0,4.36,4.84,1.57,48,22,31,0.310,0,695001
644,Robert Ahlstrom,TEX,RP,RP,-13.0,2,0,0,8,1.9,0,0,0,0,2,1,2,1,0,0,4.41,4.90,1.53,42,22,36,0.300,0,695239
645,Tommy McCollum,TB,RP,RP,-13.0,2,0,0,8,2.1,0,0,0,0,2,1,2,1,0,0,4.68,4.95,1.52,43,21,36,0.297,0,695294
646,Jedixson Paez,BOS,RP,RP,-13.0,2,0,0,8,2.1,0,0,0,0,2,1,2,1,0,0,4.01,4.36,1.29,45,21,34,0.303,0,699151
647,Brian Fitzpatrick,MIL,RP,RP,-13.0,2,0,0,8,2.1,0,0,0,0,2,1,2,1,0,0,4.33,4.68,1.43,43,21,36,0.298,0,702153
648,Eric Reyzelman,NYY,RP,RP,-13.0,2,0,0,8,2.1,0,0,0,0,2,1,2,1,0,0,4.54,4.96,1.57,42,22,37,0.294,0,801432
649,Trevor Kuncl,CIN,RP,RP,-13.0,2,0,0,8,2.1,0,0,0,0,2,1,2,1,0,0,4.33,4.82,1.48,45,21,34,0.306,0,805321
650,Jack Dallas,PHI,RP,RP,-13.0,2,0,0,8,2.1,0,0,0,0,2,1,2,1,0,0,4.69,5.05,1.43,40,21,38,0.293,0,806585
651,Nigel Belgrave,MIA,RP,RP,-13.0,2,0,0,8,2.1,0,0,0,0,2,1,2,1,0,0,4.33,4.71,1.52,46,21,33,0.307,0,811310
652,Rhett Lowder,CIN,SP,SP,-13.4,29,16,7,422,98.9,5,6,0,1,104,47,78,34,4,14,4.30,4.64,1.40,45,21,34,0.304,93,695076
653,Jose Berrios,TOR,SP,SP,-13.6,23,12,6,328,75.8,5,4,0,1,75,37,67,25,4,11,4.38,4.23,1.31,41,20,39,0.285,0,14168
654,Noah Schultz,CHW,SP,SP,-13.6,19,19,8,403,92.5,5,6,0,0,88,43,83,43,5,11,4.16,4.41,1.42,47,21,33,0.295,100,702273
655,Adrian Houser,SF,SP,SP,-13.7,23,23,10,515,117.5,6,7,0,0,127,59,82,41,6,13,4.48,4.46,1.43,48,20,32,0.308,0,12718
656,Corbin Burnes,ARI,SP,SP,-13.7,10,10,5,234,55.6,4,3,0,0,50,23,55,19,2,6,3.78,3.54,1.24,45,19,36,0.292,0,669203
657,J.T. Ginn,ATH,SP,SP,-14.1,28,8,4,284,66.8,4,3,0,4,65,29,62,24,4,8,3.89,4.10,1.33,49,21,30,0.301,3,669372
658,Simeon Woods Richardson,MIN,SP,SP,-14.5,21,21,9,460,105.5,6,7,0,0,104,56,88,44,4,16,4.77,4.72,1.41,36,20,44,0.285,1,680573
659,Carmen Mlodzinski,PIT,SP,SP,-14.7,24,11,5,311,72.8,4,4,0,2,70,32,64,28,3,7,3.94,4.02,1.34,46,20,34,0.303,68,669387
660,Hunter Dobbins,STL,SP,SP,-14.7,27,13,6,432,99.8,5,6,0,1,105,49,74,35,5,12,4.38,4.62,1.40,45,21,34,0.303,0,690928
661,Keider Montero,DET,SP,SP,-15.1,28,8,4,311,72.4,4,4,0,2,69,35,63,25,3,10,4.32,4.25,1.30,40,20,41,0.282,19,672456
662,Braxton Garrett,MIA,SP,SP,-15.3,18,10,5,253,60.1,3,3,0,1,59,26,53,17,4,7,3.84,3.86,1.26,47,20,32,0.300,14,666129
663,Shane Smith,CHW,SP,SP,-15.3,16,16,7,351,81.1,4,5,0,0,77,39,75,36,5,11,4.36,4.41,1.38,43,21,36,0.291,7,681343
664,Logan Henderson,MIL,SP,SP,-15.4,12,12,6,266,62.7,4,4,0,0,60,29,62,22,2,10,4.22,4.35,1.30,37,21,43,0.286,20,701656
665,Zebby Matthews,MIN,SP,SP,-15.6,12,12,6,269,64.0,4,4,0,0,65,29,56,18,2,9,4.12,4.25,1.30,42,21,38,0.306,1,805673
666,Joe Boyle,TB,SP,SP,-15.7,21,10,4,267,61.7,3,4,0,1,51,28,70,35,3,7,4.02,4.02,1.38,42,19,38,0.279,6,671212
667,Kutter Crawford,BOS,SP,SP,-15.7,21,9,4,250,59.7,3,3,0,1,55,28,57,19,3,9,4.24,4.33,1.23,32,20,48,0.275,0,676710
668,Anthony Kay,CHW,SP,SP,-15.9,24,11,5,372,87.1,4,5,0,1,87,41,68,34,4,10,4.21,4.29,1.39,49,20,31,0.294,5,641743
669,Randy Vasquez,SD,SP,SP,-15.9,21,21,9,466,106.5,6,7,0,0,110,57,80,42,6,16,4.80,4.74,1.43,41,20,40,0.290,99,681190
670,Kyle Leahy,STL,SP,SP,-16.0,29,16,7,405,93.3,5,6,0,4,95,46,72,37,4,11,4.45,4.47,1.41,45,20,35,0.299,1,681517
671,Lance McCullers Jr.,HOU,SP,SP,-16.1,16,16,7,346,79.0,5,5,0,0,76,39,75,39,4,10,4.40,4.53,1.45,45,20,35,0.298,10,14120
672,Cristian Javier,HOU,SP,SP,-16.3,20,20,8,432,98.0,5,6,0,0,94,55,88,46,4,18,5.04,5.10,1.42,29,20,51,0.271,2,664299
673,Michael Lorenzen,COL,SP,SP,-16.4,22,22,10,508,116.5,5,8,0,0,126,59,88,43,5,18,4.54,5.12,1.45,42,20,39,0.310,0,14843
674,German Marquez,SD,SP,SP,-16.4,19,19,8,420,96.7,5,6,0,0,101,52,74,34,4,16,4.86,4.69,1.40,40,20,40,0.291,3,15038
675,Eric Lauer,TOR,SP,SP,-16.6,37,4,2,257,60.0,3,3,0,1,56,28,57,21,2,9,4.25,4.21,1.27,33,20,46,0.271,4,641778
676,Griffin Canning,SD,SP,SP,-16.6,25,8,4,282,65.7,4,4,0,2,63,31,61,26,2,9,4.25,4.19,1.35,42,20,38,0.287,0,656288
677,Cody Bradford,TEX,SP,SP,-16.8,28,6,3,242,57.3,3,3,0,2,56,27,51,15,2,9,4.19,4.15,1.23,36,20,44,0.278,0,674003
678,Andrew Painter,PHI,SP,SP,-17.2,19,19,8,402,93.0,5,6,0,0,99,48,70,35,3,14,4.64,4.96,1.44,43,21,36,0.302,87,691725
679,David Festa,MIN,SP,SP,-17.4,20,9,4,226,53.8,3,3,0,1,50,24,54,20,2,7,4.00,4.02,1.30,41,21,38,0.295,0,701581
680,Gavin Stone,LAD,SP,SP,-17.5,15,4,2,140,34.3,4,3,0,0,34,15,31,11,1,5,4.00,4.16,1.32,43,20,38,0.284,0,694813
681,Colin Rea,CHC,SP,SP,-17.9,28,8,4,277,64.5,4,3,0,2,66,32,54,20,3,9,4.42,4.34,1.33,41,20,39,0.291,26,12317
682,DL Hall,MIL,SP,SP,-18.1,51,4,2,278,65.7,3,4,0,8,63,30,64,31,3,8,4.04,4.42,1.43,43,20,37,0.285,0,669084
683,Troy Melton,DET,SP,SP,-18.2,31,3,1,205,48.8,3,3,0,7,45,21,45,16,2,6,3.89,3.90,1.24,41,21,38,0.284,0,675512
684,Hurston Waldrep,ATL,SP,SP,-18.3,12,12,6,281,64.1,4,3,0,0,62,31,57,31,3,7,4.31,4.31,1.44,49,20,31,0.300,1,694462
685,Patrick Sandoval,BOS,SP,SP,-18.4,21,9,4,248,57.8,3,3,0,1,55,25,53,25,2,6,3.85,4.31,1.38,45,20,35,0.301,0,663776
686,Christian Scott,NYM,SP,SP,-18.7,24,4,2,172,41.2,2,2,0,2,37,18,41,12,2,6,3.93,3.76,1.19,37,20,43,0.272,7,681035
687,Drew Thorpe,CHW,SP,SP,-18.9,21,9,4,261,61.2,5,6,0,0,64,31,48,24,2,9,4.58,4.78,1.43,41,20,38,0.286,0,689672
688,Jesse Scholtens,TB,SP,SP,-19.0,29,9,4,286,66.5,3,4,0,2,67,33,55,22,3,10,4.44,4.43,1.34,41,20,39,0.286,5,669947
689,Jose Suarez,ATL,SP,SP,-19.1,37,4,2,214,51.8,3,3,0,6,52,22,49,19,2,6,3.86,4.33,1.37,41,20,39,0.299,2,660761
690,Mitchell Parker,WSH,SP,SP,-19.3,28,8,3,285,66.8,3,4,0,3,67,32,54,22,2,10,4.37,4.44,1.34,38,20,42,0.289,0,680730
691,Jacob Latz,TEX,SP,SP,-19.6,37,4,2,230,53.0,3,3,0,6,46,24,53,26,2,7,4.10,4.24,1.37,38,20,42,0.275,47,656641
692,Ryan Weiss,HOU,SP,SP,-19.6,37,4,2,227,53.0,3,3,0,1,51,24,53,22,3,7,4.14,4.26,1.38,44,21,35,0.302,0,680802
693,Patrick Corbin,TOR,SP,SP,-19.8,21,8,4,235,54.9,3,3,0,1,56,26,47,18,2,8,4.30,4.31,1.34,44,20,36,0.298,1,9323
694,Luis Gil,NYY,SP,SP,-19.8,12,12,5,276,62.4,4,4,0,0,56,33,58,33,3,10,4.75,4.77,1.42,35,20,45,0.266,24,661563
695,Brandon Sproat,MIL,SP,SP,-19.9,24,11,5,295,68.0,4,4,0,1,69,33,57,29,3,8,4.31,4.62,1.45,48,21,31,0.305,56,687075
696,Matt Waldron,SD,SP,SP,-20.0,16,3,1,132,32.2,4,4,0,0,35,15,27,9,2,5,4.31,4.53,1.36,41,20,39,0.292,0,663362
697,Walker Buehler,SD,SP,SP,-20.1,24,11,5,306,69.5,4,4,0,1,70,36,59,30,4,9,4.67,4.49,1.43,43,20,37,0.293,7,621111
698,Robert Gasser,MIL,SP,SP,-20.1,23,3,1,172,40.7,2,2,0,2,38,17,40,13,2,5,3.86,3.96,1.25,41,20,40,0.282,0,688107
699,Ronel Blanco,HOU,SP,SP,-20.4,16,5,2,173,40.9,2,2,0,1,36,19,43,17,1,6,4.14,4.09,1.30,37,20,43,0.274,0,669854
700,Janson Junk,MIA,SP,SP,-20.5,30,4,2,217,51.7,3,3,0,3,53,24,38,11,2,7,4.13,4.09,1.24,42,20,38,0.292,21,676083
701,Cade Povich,BAL,SP,SP,-20.5,15,7,3,186,43.7,3,2,0,1,41,19,41,16,1,6,3.96,4.21,1.32,40,20,40,0.294,2,700249
702,Mick Abel,MIN,SP,SP,-20.6,15,15,6,324,74.0,4,5,0,0,73,38,65,37,3,9,4.56,4.77,1.49,43,21,36,0.304,82,690953
703,Brad Lord,WSH,SP,SP,-20.6,37,4,2,226,53.0,3,3,0,7,53,23,43,18,3,6,3.98,4.20,1.34,48,21,31,0.300,0,695418
704,Stephen Kolek,KC,SP,SP,-20.7,29,6,3,233,54.6,3,3,0,2,56,24,40,18,3,6,3.97,4.16,1.36,52,20,28,0.303,0,663568
705,Jonah Tong,NYM,SP,SP,-20.9,10,3,1,90,21.6,3,2,0,0,19,9,25,10,1,2,3.53,3.74,1.32,46,21,34,0.295,2,804636
706,Ryan Feltner,COL,SP,SP,-21.1,14,14,6,328,75.6,4,5,0,0,78,38,60,31,3,11,4.50,4.95,1.44,42,20,38,0.308,0,663372
707,Erick Fedde,CHW,SP,SP,-21.2,24,11,5,343,78.1,4,5,0,2,80,42,59,32,3,12,4.78,4.67,1.43,42,20,38,0.284,0,607200
708,Jose Quintana,COL,SP,SP,-21.3,22,22,10,526,118.7,6,8,0,0,132,62,79,49,5,17,4.70,5.32,1.52,43,21,36,0.309,0,11423
709,Martin Perez,ATL,SP,SP,-21.4,26,7,3,231,52.8,3,3,0,2,53,26,44,20,2,7,4.34,4.28,1.38,44,20,36,0.292,0,6902
710,Lucas Giolito,SD,SP,SP,-21.4,10,10,4,231,52.9,3,3,0,0,51,28,48,22,2,8,4.70,4.49,1.38,37,20,43,0.280,2,15474
711,Jordan Montgomery,TEX,SP,SP,-21.4,19,7,3,217,51.2,3,3,0,1,53,24,41,16,2,7,4.20,4.29,1.35,43,20,36,0.297,0,656756
712,Shane Drohan,MIL,SP,SP,-21.5,27,7,3,230,53.6,3,3,0,3,52,25,49,25,2,7,4.25,4.63,1.43,42,21,37,0.295,0,675660
713,Ryan Yarbrough,NYY,SP,SP,-21.7,37,4,2,250,59.6,3,3,0,7,64,29,46,19,4,9,4.40,4.89,1.39,40,21,39,0.282,0,642232
714,Luinder Avila,KC,SP,SP,-21.7,40,7,3,290,66.8,3,4,0,0,69,32,55,31,3,8,4.26,4.84,1.49,47,21,32,0.313,0,679883
715,Robby Snelling,MIA,SP,SP,-21.7,9,9,4,197,45.9,3,3,0,0,45,20,40,18,2,5,3.94,4.28,1.38,48,21,31,0.305,54,702281
716,Tomoyuki Sugano,COL,SP,SP,-21.9,17,17,8,391,91.2,4,6,0,0,108,47,56,22,4,15,4.63,5.20,1.43,44,21,34,0.320,0,608372
717,Brandon Williamson,CIN,SP,SP,-21.9,24,11,4,292,67.1,3,4,0,1,68,34,55,27,3,11,4.59,4.96,1.41,37,20,43,0.286,1,682227
718,Javier Assad,CHC,SP,SP,-22.0,30,4,2,224,52.1,3,3,0,3,52,25,43,20,2,6,4.35,4.34,1.39,44,20,36,0.295,1,665871
719,Jonathan Cannon,CHW,SP,SP,-22.5,23,12,5,323,73.9,4,5,0,1,77,39,55,29,3,12,4.76,4.86,1.43,41,20,39,0.289,0,686563
720,Yoendrys Gomez,TB,SP,SP,-22.7,37,4,2,239,56.6,3,3,0,5,56,29,53,25,3,9,4.61,4.78,1.43,35,20,45,0.274,0,672782
721,Logan Allen,CLE,SP,SP,-23.2,12,12,5,248,56.4,3,4,0,0,58,28,47,24,2,8,4.46,4.78,1.45,41,20,38,0.297,0,671106
722,Alek Manoah,LAA,SP,SP,-23.3,13,13,5,276,62.7,3,4,0,0,62,33,54,28,4,10,4.80,4.88,1.44,39,20,41,0.286,0,666201
723,JP Sears,SD,SP,SP,-23.3,15,7,3,178,41.9,2,3,0,1,42,22,35,13,2,7,4.65,4.58,1.30,33,20,47,0.276,0,676664
724,George Klassen,LAA,SP,SP,-23.8,13,5,2,140,32.7,3,3,0,0,34,16,28,16,1,4,4.42,4.92,1.51,46,21,33,0.304,0,691946
725,Lazaro Estrada,TOR,SP,SP,-24.0,22,5,2,177,41.1,2,2,0,2,41,21,35,14,2,7,4.55,4.71,1.35,37,21,42,0.286,0,681751
726,Ryan Johnson,LAA,SP,SP,-24.5,26,4,2,171,39.9,2,2,0,2,41,19,35,15,2,5,4.23,4.53,1.39,44,21,35,0.305,0,696270
727,Josiah Gray,WSH,SP,SP,-24.6,12,12,5,266,60.2,3,4,0,0,60,34,51,27,3,11,5.10,5.11,1.43,34,20,46,0.280,0,680686
728,Tanner Gordon,COL,SP,SP,-24.6,24,11,4,268,63.0,3,4,0,1,72,32,44,16,2,11,4.55,5.41,1.40,38,21,41,0.318,0,685299
729,Andrew Alvarez,WSH,SP,SP,-24.8,19,6,2,178,41.4,2,2,0,1,42,19,32,17,2,4,4.03,4.40,1.43,51,21,28,0.306,0,674841
730,Andrew Morris,MIN,SP,SP,-24.9,25,5,2,189,46.3,2,3,0,3,54,22,35,14,2,6,4.30,4.86,1.45,44,21,35,0.306,0,702193
731,Johan Oviedo,BOS,SP,SP,-25.0,14,5,2,135,33.4,2,2,0,1,34,15,31,13,2,4,4.07,4.70,1.41,40,20,40,0.286,1,670912
732,Luis Morales,ATH,SP,SP,-25.1,12,12,5,253,57.5,3,4,0,0,60,32,46,28,2,9,4.93,5.27,1.51,41,21,38,0.296,0,806960
733,Riley Martin,CHC,SP,SP,-25.2,31,3,1,184,43.7,2,2,0,3,45,20,40,24,2,5,4.16,4.77,1.56,46,21,33,0.304,0,702303
734,Brandon Young,BAL,SP,SP,-25.3,16,3,1,113,26.8,2,1,0,1,27,12,24,8,1,4,4.04,4.16,1.29,42,21,37,0.298,6,687064
735,Cal Quantrill,TEX,SP,SP,-25.4,22,3,1,142,33.1,2,2,0,3,33,16,28,11,2,5,4.45,4.39,1.33,39,20,42,0.287,0,615698
736,Colton Gordon,HOU,SP,SP,-25.5,17,7,3,186,46.2,3,3,0,1,56,23,36,13,2,8,4.44,5.45,1.51,40,21,39,0.302,0,676467
737,Jack Kochanowicz,LAA,SP,SP,-25.7,26,13,5,354,79.9,4,5,0,1,89,42,51,34,5,10,4.68,5.00,1.54,53,21,26,0.310,25,686799
738,Coleman Crow,MIL,SP,SP,-25.8,12,3,1,99,23.4,1,1,0,1,23,10,22,8,1,3,3.93,4.00,1.31,46,21,33,0.298,0,689441
739,Kohl Drake,ARI,SP,SP,-26.1,9,2,1,74,17.6,2,2,0,0,19,8,14,7,1,2,4.30,4.88,1.45,40,21,39,0.304,0,684442
740,Gage Jump,ATH,SP,SP,-26.1,6,6,3,123,28.5,2,2,0,0,29,14,25,12,1,4,4.29,4.60,1.41,44,21,36,0.300,0,695611
741,JR Ritchie,ATL,SP,SP,-26.1,7,7,3,144,33.0,2,2,0,0,34,17,28,14,2,4,4.49,4.62,1.45,47,21,33,0.308,97,702275
742,Ryan Bergert,KC,SP,SP,-26.2,16,4,2,158,36.5,2,2,0,1,36,18,31,15,1,5,4.48,4.84,1.41,39,21,40,0.294,0,686701
743,Thomas White,MIA,SP,SP,-26.2,6,6,3,130,30.0,2,2,0,0,27,14,30,16,2,4,4.16,4.53,1.44,42,21,37,0.296,0,806258
744,Clarke Schmidt,NYY,SP,SP,-26.3,12,1,1,70,16.7,1,1,0,1,14,7,18,6,1,2,3.67,3.64,1.19,40,20,40,0.272,0,657376
745,Jason Alexander,HOU,SP,SP,-26.3,20,3,1,141,32.9,2,2,0,2,35,16,25,11,2,4,4.30,4.50,1.39,48,20,32,0.300,0,669920
746,Gunnar Hoglund,ATH,SP,SP,-26.7,16,5,2,151,35.4,2,2,0,1,38,18,27,12,2,6,4.69,4.96,1.41,41,21,38,0.298,0,680684
747,Quinn Mathews,STL,SP,SP,-26.7,7,7,3,157,35.5,2,2,0,0,34,17,31,20,2,4,4.37,4.76,1.51,45,21,34,0.300,0,687273
748,Cody Bolton,HOU,SP,SP,-26.9,23,6,2,189,45.9,2,3,0,2,51,24,38,20,2,6,4.63,5.19,1.56,42,20,38,0.293,0,675989
749,Trevor McDonald,SF,SP,SP,-26.9,12,4,2,136,31.2,2,2,0,1,32,15,24,12,2,3,4.20,4.33,1.42,52,21,27,0.311,0,686790
750,River Ryan,LAD,SP,SP,-27.0,8,4,2,111,25.5,2,1,0,0,26,13,21,10,1,4,4.42,4.50,1.41,46,21,33,0.300,1,689981
751,Mitch Farris,LAA,SP,SP,-27.2,15,3,1,129,31.0,2,2,0,1,33,15,28,13,1,4,4.24,4.92,1.48,41,21,38,0.296,0,815083
752,Mason Barnett,ATH,SP,SP,-27.3,17,3,1,133,30.8,2,2,0,0,31,15,26,14,1,4,4.48,4.89,1.45,42,21,37,0.299,0,686930
753,Caden Dana,LAA,SP,SP,-27.4,9,9,4,200,45.0,2,3,0,0,47,25,38,21,2,8,4.99,5.25,1.50,39,21,40,0.294,0,702674
754,Mitch Bratt,ARI,SP,SP,-27.5,6,1,0,41,10.0,1,1,0,0,11,4,9,3,0,1,3.98,4.49,1.34,40,21,39,0.302,0,683352
755,Landon Knack,LAD,SP,SP,-27.5,14,2,1,105,25.5,1,1,0,1,26,13,22,10,1,4,4.55,4.83,1.41,35,20,45,0.275,0,689017
756,Carlos Carrasco,ATL,SP,SP,-27.6,16,3,1,125,30.2,2,2,0,3,35,15,23,9,1,4,4.43,4.76,1.44,45,20,35,0.304,0,6632
757,Ricky Tiedemann,TOR,SP,SP,-27.7,8,3,1,76,17.5,1,1,0,1,16,8,18,8,1,2,4.04,4.17,1.39,43,21,36,0.292,0,694357
758,Peter Lambert,HOU,SP,SP,-27.8,7,7,3,137,31.0,2,2,0,0,32,16,26,14,1,5,4.68,4.79,1.47,42,20,38,0.297,59,663567
759,McCade Brown,COL,SP,SP,-27.8,9,9,4,202,46.5,2,3,0,0,48,25,39,22,3,8,4.78,5.52,1.50,38,21,41,0.309,0,685326
760,Kendry Rojas,MIN,SP,SP,-28.1,15,6,2,150,36.7,2,2,0,1,43,18,28,15,2,5,4.42,5.21,1.56,43,21,36,0.303,0,696070
761,Tink Hence,STL,SP,SP,-28.5,7,2,1,59,14.0,1,2,0,0,15,7,11,6,1,2,4.42,4.85,1.50,44,21,35,0.301,0,693311
762,Elmer Rodriguez,NYY,SP,SP,-28.8,7,2,1,69,16.0,1,1,0,1,16,7,14,7,1,2,4.02,4.27,1.42,52,21,27,0.302,0,695684
763,Taijuan Walker,FA,SP,SP,-28.9,7,2,1,63,15.0,1,2,0,0,17,8,11,5,1,2,4.64,5.17,1.50,42,20,38,0.299,0,11836
764,Carson Whisenhunt,SF,SP,SP,-29.2,10,2,1,70,16.2,1,1,0,1,16,8,14,6,1,2,4.22,4.38,1.38,43,21,36,0.298,0,687931
765,Tyler Uberstine,BOS,SP,SP,-29.2,10,2,1,69,16.2,1,1,0,0,16,8,14,6,1,2,4.39,4.82,1.36,38,21,41,0.296,0,700413
766,Ty Johnson,TB,SP,SP,-29.3,3,3,1,54,12.5,1,1,0,0,12,6,12,5,1,2,4.32,4.39,1.35,40,21,39,0.288,0,694494
767,Walbert Urena,LAA,SP,SP,-29.4,24,4,2,201,45.1,2,3,0,2,48,23,34,25,2,5,4.61,5.14,1.63,52,21,27,0.316,3,700712
768,Tyler Anderson,FA,SP,SP,-29.6,4,2,1,46,10.7,1,1,0,0,11,6,8,4,0,2,4.69,4.97,1.44,34,21,45,0.280,0,12880
769,Wilber Dotel,PIT,SP,SP,-29.6,16,2,1,100,22.9,1,1,0,4,23,12,18,10,1,3,4.74,4.93,1.45,40,21,39,0.296,0,696062
770,Duncan Davitt,CHW,SP,SP,-29.7,11,3,1,85,20.7,1,1,0,1,24,10,15,7,1,3,4.47,5.12,1.48,43,21,36,0.294,0,701474
771,Thomas Harrington,PIT,SP,SP,-29.7,7,3,1,72,16.9,1,1,0,0,18,9,13,6,1,3,4.77,5.02,1.40,37,21,42,0.297,0,802419
772,Braden Nett,ATH,SP,SP,-29.8,8,3,1,76,17.5,1,1,0,1,18,9,15,9,1,2,4.56,4.98,1.53,47,21,32,0.305,0,804556
773,Tanner McDougal,CHW,SP,SP,-29.9,7,3,1,91,20.6,1,1,0,0,21,11,18,11,1,3,4.68,4.92,1.52,45,21,34,0.297,0,701780
774,Jon Gray,FA,SP,SP,-30.1,3,2,1,45,11.3,1,1,0,0,12,5,10,4,0,2,4.28,4.72,1.41,40,20,41,0.286,0,14916
775,Ty Madden,DET,SP,SP,-30.1,7,2,1,54,12.5,1,1,0,1,12,6,11,5,1,2,4.49,4.49,1.38,40,21,39,0.293,0,680744
776,Carson Palmquist,COL,SP,SP,-30.1,13,2,1,112,26.6,1,2,0,1,29,14,22,13,2,4,4.65,5.91,1.58,35,21,44,0.305,0,687223
777,Kyle Wright,CHC,SP,SP,-30.2,2,1,0,22,6.0,1,1,0,0,6,3,5,2,0,1,4.13,4.19,1.38,48,20,32,0.296,0,657140
778,Gabriel Hughes,COL,SP,SP,-30.3,9,1,1,60,14.1,1,1,0,1,16,7,10,5,1,2,4.21,4.94,1.44,47,21,32,0.323,0,687312
779,AJ Smith-Shawver,ATL,SP,SP,-30.3,6,0,0,23,5.6,0,0,0,1,5,2,7,2,0,1,3.79,3.61,1.21,35,20,45,0.277,0,700363
780,Riley Cornelio,WSH,SP,SP,-30.4,8,4,1,103,23.1,1,2,0,0,24,13,18,11,1,3,4.95,5.26,1.53,41,21,38,0.297,0,683000
781,Luis Perales,WSH,SP,SP,-30.5,9,2,1,63,15.1,1,1,0,1,16,8,13,7,1,2,4.51,5.16,1.53,40,21,39,0.294,0,691384
782,Sam Aldegheri,LAA,SP,SP,-30.6,13,4,1,118,26.6,1,2,0,1,28,15,20,13,2,4,4.91,5.52,1.56,40,21,39,0.301,0,691951
783,Spencer Turnbull,FA,SP,SP,-30.7,3,2,1,34,11.0,1,1,0,0,11,6,9,5,1,1,4.68,4.68,1.45,45,20,36,0.291,0,605513
784,Daniel Espino,CLE,SP,SP,-30.8,1,1,1,20,5.0,0,0,0,0,5,2,5,2,0,1,4.15,4.26,1.30,40,21,39,0.291,0,682982
785,Trey Gibson,BAL,SP,SP,-30.8,2,2,1,32,7.5,0,0,0,0,8,4,6,3,0,1,4.21,4.42,1.43,50,21,29,0.306,0,694346
786,Marcus Stroman,FA,SP,SP,-30.9,2,1,0,20,5.1,1,1,0,0,6,3,4,2,0,1,4.43,4.66,1.47,49,20,30,0.304,0,13431
787,Randy Dobnak,SEA,SP,SP,-31.2,6,1,0,41,10.0,1,1,0,1,11,5,7,4,1,1,4.50,4.73,1.52,52,21,28,0.298,0,677976
788,Chayce McDermott,LAD,SP,SP,-31.2,4,1,0,34,8.3,1,0,0,0,9,4,7,4,0,1,4.68,5.41,1.61,41,21,38,0.294,0,694646
789,Pete Hansen,STL,SP,SP,-31.4,2,2,1,33,7.5,0,1,0,0,8,4,5,3,0,1,4.55,4.97,1.47,46,21,33,0.308,0,677337
790,Valente Bellozo,COL,SP,SP,-31.4,20,3,1,136,32.9,1,2,0,0,41,18,21,11,1,6,5.00,6.36,1.58,35,21,44,0.302,0,678368
791,Joel Hurtado,LAA,SP,SP,-31.4,3,1,0,26,6.5,1,1,0,0,8,4,4,3,0,1,5.03,5.67,1.66,49,21,30,0.310,0,805871
792,Sean Sullivan,COL,SP,SP,-31.5,1,1,1,30,7.0,0,1,0,0,8,4,5,2,0,1,4.54,5.61,1.44,38,21,41,0.314,0,807743
793,Dane Dunning,SEA,SP,SP,-31.6,1,1,0,15,3.4,0,0,0,0,4,2,3,1,0,0,4.69,4.57,1.41,45,20,34,0.292,0,641540
794,Jhonathan Diaz,SEA,SP,SP,-31.6,2,1,0,17,4.2,0,0,0,0,5,2,3,1,0,0,4.17,4.66,1.43,48,21,31,0.296,0,646242
795,Ryan Webb,CLE,SP,SP,-31.6,2,2,1,33,7.5,0,1,0,0,8,4,6,4,0,1,4.77,5.20,1.57,46,21,33,0.306,0,669067
796,Ben Kudrna,KC,SP,SP,-31.6,7,2,1,51,12.5,1,1,0,1,15,6,9,6,1,2,4.61,5.58,1.63,46,21,33,0.311,0,695667
797,Bryse Wilson,PHI,SP,SP,-31.7,2,2,1,33,7.5,0,1,0,0,8,4,5,3,0,1,5.24,5.30,1.49,41,20,39,0.292,0,669060
798,Jean Cabrera,PHI,SP,SP,-31.7,1,1,1,24,6.0,0,0,0,0,7,3,4,3,0,1,4.87,5.30,1.53,47,21,32,0.304,0,691893
799,Henry Baez,ATH,SP,SP,-31.7,1,1,1,24,6.0,0,0,0,0,7,3,4,3,0,1,4.67,5.03,1.52,50,21,29,0.308,0,692013
800,Yoniel Curet,DET,SP,SP,-31.7,4,2,1,41,10.0,1,1,0,0,11,5,8,5,1,1,4.83,5.61,1.64,41,21,38,0.294,0,692414
801,Marco Gonzales,SD,SP,SP,-31.8,1,1,0,12,3.0,0,0,0,0,3,2,2,1,0,0,4.87,4.88,1.43,40,21,40,0.291,0,594835
802,Carlos Lagrange,NYY,SP,SP,-31.8,1,1,0,10,2.5,0,0,0,0,3,1,2,1,0,0,4.57,5.48,1.60,42,21,37,0.290,0,801739
803,Casey Lawrence,SEA,SP,SP,-31.9,1,1,0,22,5.0,0,0,0,0,6,3,3,1,0,1,5.27,5.30,1.48,44,21,35,0.300,0,596271
804,Adam Macko,TOR,SP,SP,-31.9,1,1,0,20,5.0,0,0,0,0,6,3,4,2,0,1,4.81,5.81,1.64,41,21,38,0.295,0,671936
805,Jaxon Wiggins,CHC,SP,SP,-31.9,1,1,0,10,2.5,0,0,0,0,2,1,2,1,0,0,4.48,4.71,1.44,43,21,36,0.297,0,694393
806,Triston McKenzie,SD,SP,SP,-32.0,2,1,0,16,4.1,0,0,0,0,5,2,4,2,0,1,5.11,5.45,1.61,33,20,46,0.274,0,663474
807,Bradley Blalock,MIA,SP,SP,-32.0,5,1,0,33,8.0,0,1,0,0,10,5,5,3,0,1,5.02,5.57,1.59,42,21,37,0.305,0,687134
808,Owen Murphy,ATL,SP,SP,-32.0,1,1,0,10,2.5,0,0,0,0,3,1,2,1,0,0,4.90,5.06,1.44,36,21,43,0.292,0,702566
809,Jose Urena,FA,SP,SP,-32.1,1,1,0,6,2.5,0,0,0,0,3,1,2,1,0,0,5.02,4.85,1.48,44,19,36,0.282,0,11589
810,Sean Sullivan,PIT,SP,SP,-32.1,1,1,0,9,2.5,0,0,0,0,3,1,2,1,0,0,5.16,5.35,1.48,40,21,39,0.298,0,696155
811,Troy Watson,DET,SP,SP,-32.2,1,1,0,10,2.5,0,0,0,0,3,1,2,1,0,0,5.12,5.29,1.56,43,21,36,0.299,0,681890
812,Jagger Haynes,SD,SP,SP,-32.2,1,1,0,10,2.5,0,0,0,0,3,1,2,2,0,0,5.10,5.39,1.64,44,21,35,0.298,0,695247
813,Leandro Lopez,TEX,SP,SP,-32.2,1,1,0,10,2.5,0,0,0,0,3,1,2,1,0,0,4.62,4.88,1.56,47,21,32,0.301,0,699214